date,WS2M,T2M,T2M_MAX,PRECTOTCORR,latitude,longitude
2020-09-01,2.52,30.16,38.66,0.0,30.0444,31.2357
2020-09-02,2.11,30.41,38.84,0.0,30.0444,31.2357
2020-09-03,2.55,30.31,39.57,0.0,30.0444,31.2357
2020-09-04,3.21,31.81,42.18,0.0,30.0444,31.2357
2020-09-05,3.72,31.34,41.67,0.0,30.0444,31.2357
2020-09-06,3.49,30.45,39.62,0.0,30.0444,31.2357
2020-09-07,3.23,30.3,39.08,0.0,30.0444,31.2357
2020-09-08,3.69,30.25,39.33,0.0,30.0444,31.2357
2020-09-09,3.34,29.76,38.81,0.0,30.0444,31.2357
2020-09-10,2.44,29.08,36.9,0.0,30.0444,31.2357
2020-09-11,2.22,29.35,37.49,0.0,30.0444,31.2357
2020-09-12,1.96,29.83,37.84,0.0,30.0444,31.2357
2020-09-13,2.93,29.35,37.83,0.0,30.0444,31.2357
2020-09-14,2.81,28.83,36.77,0.0,30.0444,31.2357
2020-09-15,2.98,28.9,37.25,0.0,30.0444,31.2357
2020-09-16,2.87,28.78,37.82,0.0,30.0444,31.2357
2020-09-17,3.43,29.88,39.17,0.0,30.0444,31.2357
2020-09-18,4.55,30.18,39.66,0.0,30.0444,31.2357
2020-09-19,4.58,29.64,38.54,0.0,30.0444,31.2357
2020-09-20,3.87,28.81,37.06,0.0,30.0444,31.2357
2020-09-21,2.38,29.31,37.24,0.0,30.0444,31.2357
2020-09-22,3.99,29.09,36.65,0.0,30.0444,31.2357
2020-09-23,3.56,27.77,34.93,0.0,30.0444,31.2357
2020-09-24,3.21,26.84,34.92,0.0,30.0444,31.2357
2020-09-25,2.82,27.71,36.23,0.0,30.0444,31.2357
2020-09-26,2.02,27.66,34.91,0.0,30.0444,31.2357
2020-09-27,4.59,28.1,37.39,0.0,30.0444,31.2357
2020-09-28,4.63,29.53,39.75,0.0,30.0444,31.2357
2020-09-29,3.6,30.03,40.09,0.0,30.0444,31.2357
2020-09-30,2.84,29.48,38.92,0.0,30.0444,31.2357
2020-10-01,2.87,27.88,35.56,0.0,30.0444,31.2357
2020-10-02,2.46,26.83,34.02,0.0,30.0444,31.2357
2020-10-03,3.39,26.12,33.77,0.0,30.0444,31.2357
2020-10-04,3.04,25.92,34.17,0.0,30.0444,31.2357
2020-10-05,3.06,25.78,34.57,0.0,30.0444,31.2357
2020-10-06,3.29,26.2,35.79,0.0,30.0444,31.2357
2020-10-07,3.32,27.85,37.72,0.0,30.0444,31.2357
2020-10-08,2.16,29.73,40.02,0.0,30.0444,31.2357
2020-10-09,3.06,28.41,37.39,0.0,30.0444,31.2357
2020-10-10,3.27,26.72,34.08,0.0,30.0444,31.2357
2020-10-11,2.91,25.86,32.97,0.0,30.0444,31.2357
2020-10-12,2.62,25.29,32.3,0.0,30.0444,31.2357
2020-10-13,3.03,25.26,32.92,0.0,30.0444,31.2357
2020-10-14,4.0,25.45,34.03,0.0,30.0444,31.2357
2020-10-15,3.5,26.03,34.04,0.0,30.0444,31.2357
2020-10-16,3.11,24.64,32.23,0.0,30.0444,31.2357
2020-10-17,3.44,23.41,31.86,0.0,30.0444,31.2357
2020-10-18,3.07,23.64,33.15,0.03,30.0444,31.2357
2020-10-19,4.35,25.45,35.48,0.09,30.0444,31.2357
2020-10-20,3.58,25.84,34.13,0.06,30.0444,31.2357
2020-10-21,3.77,25.23,33.0,0.15,30.0444,31.2357
2020-10-22,2.76,25.23,32.9,0.02,30.0444,31.2357
2020-10-23,1.92,25.11,32.87,0.0,30.0444,31.2357
2020-10-24,2.41,23.79,30.12,0.08,30.0444,31.2357
2020-10-25,1.68,22.84,29.42,0.0,30.0444,31.2357
2020-10-26,1.59,23.86,30.78,0.03,30.0444,31.2357
2020-10-27,2.33,23.96,30.58,0.11,30.0444,31.2357
2020-10-28,2.8,23.82,30.13,0.04,30.0444,31.2357
2020-10-29,2.88,24.71,31.8,0.0,30.0444,31.2357
2020-10-30,3.27,24.44,31.01,0.01,30.0444,31.2357
2020-10-31,3.56,23.38,29.56,0.12,30.0444,31.2357
2020-11-01,3.24,22.74,28.27,0.27,30.0444,31.2357
2020-11-02,2.47,21.79,27.8,0.03,30.0444,31.2357
2020-11-03,2.02,20.72,26.56,0.16,30.0444,31.2357
2020-11-04,2.8,21.08,27.11,0.03,30.0444,31.2357
2020-11-05,3.57,20.36,25.68,0.09,30.0444,31.2357
2020-11-06,2.2,20.39,25.25,0.57,30.0444,31.2357
2020-11-07,1.66,19.6,25.09,0.2,30.0444,31.2357
2020-11-08,2.21,20.24,25.7,0.14,30.0444,31.2357
2020-11-09,3.16,20.13,24.94,0.18,30.0444,31.2357
2020-11-10,2.8,19.28,25.8,0.0,30.0444,31.2357
2020-11-11,1.8,18.67,25.39,0.0,30.0444,31.2357
2020-11-12,1.74,19.82,26.8,0.0,30.0444,31.2357
2020-11-13,1.68,20.36,27.46,0.0,30.0444,31.2357
2020-11-14,3.14,19.91,26.51,0.61,30.0444,31.2357
2020-11-15,3.19,18.3,24.31,0.03,30.0444,31.2357
2020-11-16,2.69,18.63,25.0,0.04,30.0444,31.2357
2020-11-17,2.46,18.39,25.15,0.0,30.0444,31.2357
2020-11-18,2.68,18.8,26.24,0.0,30.0444,31.2357
2020-11-19,2.45,18.64,25.15,0.0,30.0444,31.2357
2020-11-20,3.2,16.36,21.78,6.27,30.0444,31.2357
2020-11-21,2.68,15.4,21.6,0.08,30.0444,31.2357
2020-11-22,1.39,17.02,23.36,0.0,30.0444,31.2357
2020-11-23,2.57,17.68,23.43,0.12,30.0444,31.2357
2020-11-24,2.46,19.01,24.64,0.15,30.0444,31.2357
2020-11-25,2.88,16.91,21.6,1.18,30.0444,31.2357
2020-11-26,3.08,16.4,21.45,0.74,30.0444,31.2357
2020-11-27,1.14,16.64,21.49,0.04,30.0444,31.2357
2020-11-28,1.84,15.75,21.74,0.0,30.0444,31.2357
2020-11-29,0.99,15.52,21.62,0.0,30.0444,31.2357
2020-11-30,1.49,15.95,22.33,0.0,30.0444,31.2357
2020-12-01,2.56,14.43,22.42,0.0,30.0444,31.2357
2020-12-02,1.13,15.99,21.33,0.01,30.0444,31.2357
2020-12-03,1.04,17.39,23.18,0.0,30.0444,31.2357
2020-12-04,1.87,15.69,21.64,0.0,30.0444,31.2357
2020-12-05,1.93,15.46,22.09,0.0,30.0444,31.2357
2020-12-06,1.22,15.93,22.54,0.0,30.0444,31.2357
2020-12-07,3.97,18.06,26.21,0.09,30.0444,31.2357
2020-12-08,1.5,16.42,23.23,0.11,30.0444,31.2357
2020-12-09,1.32,15.32,22.82,0.0,30.0444,31.2357
2020-12-10,1.17,15.92,23.07,0.0,30.0444,31.2357
2020-12-11,1.93,16.47,23.67,0.0,30.0444,31.2357
2020-12-12,1.99,17.31,22.91,0.09,30.0444,31.2357
2020-12-13,3.36,18.71,27.14,0.0,30.0444,31.2357
2020-12-14,4.79,16.16,20.99,0.0,30.0444,31.2357
2020-12-15,5.13,15.11,20.14,0.05,30.0444,31.2357
2020-12-16,2.79,15.58,20.89,0.3,30.0444,31.2357
2020-12-17,1.58,15.6,21.68,0.03,30.0444,31.2357
2020-12-18,2.01,15.17,21.9,0.01,30.0444,31.2357
2020-12-19,2.58,15.36,22.38,0.03,30.0444,31.2357
2020-12-20,2.75,14.8,22.02,0.04,30.0444,31.2357
2020-12-21,2.36,15.26,23.38,0.02,30.0444,31.2357
2020-12-22,2.74,15.45,22.36,0.01,30.0444,31.2357
2020-12-23,2.6,14.4,21.06,0.0,30.0444,31.2357
2020-12-24,2.29,14.27,20.74,0.0,30.0444,31.2357
2020-12-25,2.0,14.5,21.03,0.0,30.0444,31.2357
2020-12-26,3.4,15.14,23.97,0.0,30.0444,31.2357
2020-12-27,1.2,17.04,26.24,0.0,30.0444,31.2357
2020-12-28,1.86,15.31,22.32,0.0,30.0444,31.2357
2020-12-29,1.78,14.27,22.79,0.0,30.0444,31.2357
2020-12-30,1.87,14.07,22.29,0.0,30.0444,31.2357
2020-12-31,1.65,14.21,21.24,0.0,30.0444,31.2357
2021-01-01,1.89,14.68,21.54,0.0,30.0444,31.2357
2021-01-02,2.07,15.72,22.18,0.0,30.0444,31.2357
2021-01-03,1.99,15.15,22.7,0.0,30.0444,31.2357
2021-01-04,1.27,16.33,22.87,0.0,30.0444,31.2357
2021-01-05,1.48,17.29,25.26,0.0,30.0444,31.2357
2021-01-06,2.22,17.22,25.87,0.0,30.0444,31.2357
2021-01-07,2.04,18.28,27.25,0.0,30.0444,31.2357
2021-01-08,1.76,17.5,26.14,0.0,30.0444,31.2357
2021-01-09,1.91,16.06,24.69,0.0,30.0444,31.2357
2021-01-10,2.45,16.05,24.76,0.0,30.0444,31.2357
2021-01-11,2.83,16.76,25.94,0.34,30.0444,31.2357
2021-01-12,2.35,18.73,27.04,0.0,30.0444,31.2357
2021-01-13,4.28,17.15,21.29,0.0,30.0444,31.2357
2021-01-14,3.64,13.06,18.55,0.04,30.0444,31.2357
2021-01-15,2.28,12.25,18.7,0.03,30.0444,31.2357
2021-01-16,2.87,12.23,19.3,0.0,30.0444,31.2357
2021-01-17,4.53,12.29,18.91,0.02,30.0444,31.2357
2021-01-18,2.87,11.02,17.83,0.0,30.0444,31.2357
2021-01-19,4.05,12.04,17.81,0.93,30.0444,31.2357
2021-01-20,3.65,10.73,16.91,0.46,30.0444,31.2357
2021-01-21,2.78,10.25,18.1,0.0,30.0444,31.2357
2021-01-22,3.12,11.14,19.26,0.0,30.0444,31.2357
2021-01-23,1.9,11.76,20.96,0.0,30.0444,31.2357
2021-01-24,1.8,11.93,19.64,0.0,30.0444,31.2357
2021-01-25,1.53,12.67,20.81,0.0,30.0444,31.2357
2021-01-26,2.21,13.45,22.52,0.0,30.0444,31.2357
2021-01-27,3.15,14.87,22.99,0.0,30.0444,31.2357
2021-01-28,2.59,11.37,17.4,0.0,30.0444,31.2357
2021-01-29,3.48,11.26,17.42,0.21,30.0444,31.2357
2021-01-30,3.4,11.55,18.94,0.0,30.0444,31.2357
2021-01-31,3.27,14.64,23.43,0.0,30.0444,31.2357
2021-02-01,1.68,17.4,26.7,0.0,30.0444,31.2357
2021-02-02,1.62,18.51,27.72,0.0,30.0444,31.2357
2021-02-03,1.86,17.77,27.1,0.01,30.0444,31.2357
2021-02-04,2.92,14.35,19.86,2.97,30.0444,31.2357
2021-02-05,3.41,15.34,22.76,0.67,30.0444,31.2357
2021-02-06,1.26,15.22,22.86,0.0,30.0444,31.2357
2021-02-07,1.34,15.13,23.67,0.0,30.0444,31.2357
2021-02-08,1.64,17.21,27.22,0.0,30.0444,31.2357
2021-02-09,1.62,18.65,27.61,0.0,30.0444,31.2357
2021-02-10,2.21,17.3,26.83,0.0,30.0444,31.2357
2021-02-11,2.41,16.2,26.07,0.0,30.0444,31.2357
2021-02-12,2.38,14.97,23.91,0.0,30.0444,31.2357
2021-02-13,1.69,13.98,22.36,0.0,30.0444,31.2357
2021-02-14,1.71,13.68,22.29,0.0,30.0444,31.2357
2021-02-15,1.59,13.98,22.05,0.13,30.0444,31.2357
2021-02-16,4.05,10.27,13.95,5.65,30.0444,31.2357
2021-02-17,5.32,7.75,11.75,2.78,30.0444,31.2357
2021-02-18,2.94,10.35,16.4,0.24,30.0444,31.2357
2021-02-19,2.25,10.06,15.33,4.33,30.0444,31.2357
2021-02-20,2.6,11.09,18.69,0.0,30.0444,31.2357
2021-02-21,1.98,11.66,18.54,0.03,30.0444,31.2357
2021-02-22,2.36,12.38,18.92,0.02,30.0444,31.2357
2021-02-23,3.27,12.0,16.79,3.01,30.0444,31.2357
2021-02-24,3.41,13.93,21.57,0.19,30.0444,31.2357
2021-02-25,1.92,15.34,23.24,0.14,30.0444,31.2357
2021-02-26,1.53,13.94,21.55,0.0,30.0444,31.2357
2021-02-27,2.85,14.38,22.18,0.0,30.0444,31.2357
2021-02-28,2.42,13.95,21.76,0.0,30.0444,31.2357
2021-03-01,2.33,14.66,22.28,0.0,30.0444,31.2357
2021-03-02,2.55,12.88,20.61,0.07,30.0444,31.2357
2021-03-03,3.02,11.65,17.77,0.9,30.0444,31.2357
2021-03-04,3.01,12.86,20.27,1.06,30.0444,31.2357
2021-03-05,1.45,13.59,21.91,2.37,30.0444,31.2357
2021-03-06,2.75,14.08,23.99,1.33,30.0444,31.2357
2021-03-07,2.87,14.15,23.21,14.2,30.0444,31.2357
2021-03-08,2.49,14.31,22.94,19.48,30.0444,31.2357
2021-03-09,1.73,18.97,29.3,0.0,30.0444,31.2357
2021-03-10,3.23,21.54,32.19,0.0,30.0444,31.2357
2021-03-11,2.47,18.14,26.36,3.18,30.0444,31.2357
2021-03-12,3.91,14.82,22.24,1.22,30.0444,31.2357
2021-03-13,2.67,13.64,21.8,0.0,30.0444,31.2357
2021-03-14,2.96,15.0,23.64,0.0,30.0444,31.2357
2021-03-15,2.58,16.76,25.09,0.0,30.0444,31.2357
2021-03-16,2.42,16.44,24.14,0.0,30.0444,31.2357
2021-03-17,2.51,14.94,22.75,28.66,30.0444,31.2357
2021-03-18,1.99,15.12,22.48,0.02,30.0444,31.2357
2021-03-19,2.03,15.22,22.95,0.38,30.0444,31.2357
2021-03-20,1.84,20.02,28.63,0.09,30.0444,31.2357
2021-03-21,1.15,22.91,29.39,8.73,30.0444,31.2357
2021-03-22,1.74,23.19,30.29,0.0,30.0444,31.2357
2021-03-23,3.7,20.9,27.23,0.0,30.0444,31.2357
2021-03-24,4.41,14.1,19.36,0.01,30.0444,31.2357
2021-03-25,2.72,12.96,19.58,0.05,30.0444,31.2357
2021-03-26,3.09,11.85,17.49,0.26,30.0444,31.2357
2021-03-27,3.54,12.0,19.86,0.16,30.0444,31.2357
2021-03-28,3.66,13.52,20.68,0.42,30.0444,31.2357
2021-03-29,3.73,13.6,21.64,3.0,30.0444,31.2357
2021-03-30,3.25,14.11,21.67,7.02,30.0444,31.2357
2021-03-31,2.52,13.02,19.77,11.4,30.0444,31.2357
2021-04-01,2.77,13.72,20.47,0.0,30.0444,31.2357
2021-04-02,3.02,13.26,20.66,0.0,30.0444,31.2357
2021-04-03,1.9,14.56,23.09,0.0,30.0444,31.2357
2021-04-04,2.57,17.22,26.47,0.0,30.0444,31.2357
2021-04-05,2.93,18.9,30.42,0.0,30.0444,31.2357
2021-04-06,1.68,21.6,32.99,0.0,30.0444,31.2357
2021-04-07,2.15,22.75,31.63,0.0,30.0444,31.2357
2021-04-08,3.03,18.66,27.59,1.11,30.0444,31.2357
2021-04-09,3.51,15.98,24.83,0.58,30.0444,31.2357
2021-04-10,4.49,13.03,20.14,0.0,30.0444,31.2357
2021-04-11,3.19,13.63,22.12,0.0,30.0444,31.2357
2021-04-12,2.74,14.34,22.88,0.0,30.0444,31.2357
2021-04-13,2.84,15.37,24.19,0.0,30.0444,31.2357
2021-04-14,3.15,17.14,26.12,0.56,30.0444,31.2357
2021-04-15,3.08,19.32,30.21,1.19,30.0444,31.2357
2021-04-16,3.2,22.49,33.47,0.0,30.0444,31.2357
2021-04-17,3.0,23.72,34.12,0.01,30.0444,31.2357
2021-04-18,2.47,29.0,40.48,0.0,30.0444,31.2357
2021-04-19,2.68,28.2,37.2,0.0,30.0444,31.2357
2021-04-20,3.91,23.61,32.85,0.0,30.0444,31.2357
2021-04-21,4.58,19.73,28.6,0.0,30.0444,31.2357
2021-04-22,4.5,19.3,29.02,0.0,30.0444,31.2357
2021-04-23,3.99,19.42,29.93,0.0,30.0444,31.2357
2021-04-24,2.57,20.89,32.16,0.0,30.0444,31.2357
2021-04-25,3.35,24.67,36.29,0.0,30.0444,31.2357
2021-04-26,3.9,20.09,27.7,0.3,30.0444,31.2357
2021-04-27,2.43,19.96,29.06,0.17,30.0444,31.2357
2021-04-28,3.81,22.15,33.14,0.02,30.0444,31.2357
2021-04-29,4.25,25.48,37.08,0.0,30.0444,31.2357
2021-04-30,3.76,26.94,38.03,0.0,30.0444,31.2357
2021-05-01,3.17,27.28,37.39,0.0,30.0444,31.2357
2021-05-02,3.04,27.26,37.53,0.0,30.0444,31.2357
2021-05-03,2.98,28.27,39.64,0.0,30.0444,31.2357
2021-05-04,2.2,29.86,41.17,0.0,30.0444,31.2357
2021-05-05,2.1,29.4,39.87,0.0,30.0444,31.2357
2021-05-06,2.34,28.33,37.78,0.0,30.0444,31.2357
2021-05-07,2.77,28.74,38.64,0.0,30.0444,31.2357
2021-05-08,2.06,30.25,41.67,0.0,30.0444,31.2357
2021-05-09,2.44,30.51,39.23,0.0,30.0444,31.2357
2021-05-10,3.78,26.04,35.84,0.0,30.0444,31.2357
2021-05-11,2.86,24.59,33.45,0.0,30.0444,31.2357
2021-05-12,2.31,23.73,32.22,0.0,30.0444,31.2357
2021-05-13,2.56,24.5,34.34,0.0,30.0444,31.2357
2021-05-14,3.35,25.12,35.15,0.0,30.0444,31.2357
2021-05-15,3.14,25.87,36.03,0.0,30.0444,31.2357
2021-05-16,2.97,28.7,39.27,0.0,30.0444,31.2357
2021-05-17,3.92,25.06,33.58,0.0,30.0444,31.2357
2021-05-18,3.56,25.36,35.14,0.0,30.0444,31.2357
2021-05-19,3.59,26.38,36.46,0.0,30.0444,31.2357
2021-05-20,3.43,26.97,37.43,0.0,30.0444,31.2357
2021-05-21,3.51,26.07,37.05,0.0,30.0444,31.2357
2021-05-22,4.34,23.32,31.33,0.0,30.0444,31.2357
2021-05-23,4.22,23.93,32.93,0.0,30.0444,31.2357
2021-05-24,3.96,25.34,35.16,0.0,30.0444,31.2357
2021-05-25,3.46,25.98,35.78,0.0,30.0444,31.2357
2021-05-26,3.02,27.87,38.12,0.0,30.0444,31.2357
2021-05-27,2.67,28.46,38.6,0.0,30.0444,31.2357
2021-05-28,3.16,26.98,36.71,0.0,30.0444,31.2357
2021-05-29,3.05,25.96,35.13,0.0,30.0444,31.2357
2021-05-30,2.62,28.9,38.9,0.0,30.0444,31.2357
2021-05-31,4.38,31.54,40.6,0.0,30.0444,31.2357
2021-06-01,3.87,27.63,36.41,0.0,30.0444,31.2357
2021-06-02,3.86,26.08,34.4,0.0,30.0444,31.2357
2021-06-03,4.22,24.95,34.11,0.0,30.0444,31.2357
2021-06-04,4.15,24.23,33.46,0.0,30.0444,31.2357
2021-06-05,3.84,24.73,33.39,0.0,30.0444,31.2357
2021-06-06,3.47,24.8,33.65,0.0,30.0444,31.2357
2021-06-07,3.31,25.11,34.52,0.0,30.0444,31.2357
2021-06-08,3.55,26.64,36.95,0.0,30.0444,31.2357
2021-06-09,2.68,30.53,40.28,0.0,30.0444,31.2357
2021-06-10,3.37,29.43,38.48,0.0,30.0444,31.2357
2021-06-11,3.55,28.95,37.73,0.0,30.0444,31.2357
2021-06-12,4.5,29.73,38.88,0.0,30.0444,31.2357
2021-06-13,4.63,28.45,36.78,0.0,30.0444,31.2357
2021-06-14,3.48,26.31,34.1,0.0,30.0444,31.2357
2021-06-15,2.81,26.57,34.58,0.0,30.0444,31.2357
2021-06-16,3.71,26.06,34.22,0.0,30.0444,31.2357
2021-06-17,3.88,25.82,34.88,0.0,30.0444,31.2357
2021-06-18,3.87,26.61,35.52,0.0,30.0444,31.2357
2021-06-19,3.28,27.19,36.13,0.0,30.0444,31.2357
2021-06-20,3.13,28.77,37.03,0.0,30.0444,31.2357
2021-06-21,2.86,29.69,37.87,0.0,30.0444,31.2357
2021-06-22,3.04,29.45,36.72,0.0,30.0444,31.2357
2021-06-23,3.36,29.43,37.54,0.0,30.0444,31.2357
2021-06-24,3.58,30.18,39.53,0.0,30.0444,31.2357
2021-06-25,3.31,29.56,38.02,0.0,30.0444,31.2357
2021-06-26,3.19,30.07,38.32,0.0,30.0444,31.2357
2021-06-27,2.85,31.88,40.79,0.0,30.0444,31.2357
2021-06-28,3.58,32.05,41.45,0.0,30.0444,31.2357
2021-06-29,2.84,31.67,40.47,0.0,30.0444,31.2357
2021-06-30,2.44,31.94,40.62,0.0,30.0444,31.2357
2021-07-01,3.06,32.52,41.62,0.0,30.0444,31.2357
2021-07-02,2.55,32.96,43.0,0.0,30.0444,31.2357
2021-07-03,3.71,31.68,42.14,0.0,30.0444,31.2357
2021-07-04,4.19,29.23,37.64,0.0,30.0444,31.2357
2021-07-05,3.83,28.69,37.61,0.0,30.0444,31.2357
2021-07-06,2.82,29.36,38.15,0.0,30.0444,31.2357
2021-07-07,3.06,30.52,39.27,0.0,30.0444,31.2357
2021-07-08,2.62,30.72,39.15,0.0,30.0444,31.2357
2021-07-09,2.63,31.08,38.77,0.0,30.0444,31.2357
2021-07-10,3.5,30.58,38.49,0.0,30.0444,31.2357
2021-07-11,2.25,30.75,38.42,0.0,30.0444,31.2357
2021-07-12,2.42,31.05,39.04,0.0,30.0444,31.2357
2021-07-13,2.81,30.34,38.81,0.0,30.0444,31.2357
2021-07-14,2.67,29.56,38.21,0.0,30.0444,31.2357
2021-07-15,2.09,30.75,40.25,0.0,30.0444,31.2357
2021-07-16,2.81,31.66,40.58,0.0,30.0444,31.2357
2021-07-17,2.38,32.17,40.46,0.0,30.0444,31.2357
2021-07-18,2.74,31.98,40.49,0.0,30.0444,31.2357
2021-07-19,2.97,32.22,40.5,0.0,30.0444,31.2357
2021-07-20,3.66,33.1,40.67,0.0,30.0444,31.2357
2021-07-21,3.84,31.72,39.49,0.0,30.0444,31.2357
2021-07-22,3.32,30.52,38.21,0.0,30.0444,31.2357
2021-07-23,4.3,29.68,37.3,0.0,30.0444,31.2357
2021-07-24,3.36,28.74,36.31,0.0,30.0444,31.2357
2021-07-25,2.81,29.32,36.86,0.0,30.0444,31.2357
2021-07-26,2.46,30.29,38.13,0.0,30.0444,31.2357
2021-07-27,2.92,30.37,38.53,0.0,30.0444,31.2357
2021-07-28,3.11,30.22,39.52,0.0,30.0444,31.2357
2021-07-29,2.93,30.56,39.23,0.0,30.0444,31.2357
2021-07-30,2.58,30.95,39.97,0.0,30.0444,31.2357
2021-07-31,2.08,31.26,40.47,0.0,30.0444,31.2357
2021-08-01,2.37,32.1,41.08,0.0,30.0444,31.2357
2021-08-02,1.91,32.14,41.01,0.0,30.0444,31.2357
2021-08-03,2.36,32.82,41.65,0.0,30.0444,31.2357
2021-08-04,2.35,34.26,43.52,0.0,30.0444,31.2357
2021-08-05,2.49,34.99,44.01,0.0,30.0444,31.2357
2021-08-06,2.11,34.25,42.52,0.0,30.0444,31.2357
2021-08-07,3.32,32.8,42.69,0.0,30.0444,31.2357
2021-08-08,3.05,30.85,39.6,0.0,30.0444,31.2357
2021-08-09,2.9,30.99,39.42,0.0,30.0444,31.2357
2021-08-10,2.85,31.15,39.57,0.0,30.0444,31.2357
2021-08-11,3.21,31.38,39.81,0.0,30.0444,31.2357
2021-08-12,2.49,31.77,39.87,0.0,30.0444,31.2357
2021-08-13,2.63,31.8,40.04,0.0,30.0444,31.2357
2021-08-14,3.24,30.55,39.02,0.0,30.0444,31.2357
2021-08-15,3.64,31.0,40.05,0.0,30.0444,31.2357
2021-08-16,3.4,30.11,38.93,0.0,30.0444,31.2357
2021-08-17,3.04,28.9,37.63,0.0,30.0444,31.2357
2021-08-18,2.56,28.51,37.01,0.0,30.0444,31.2357
2021-08-19,3.13,29.42,38.39,0.0,30.0444,31.2357
2021-08-20,2.67,29.91,38.98,0.0,30.0444,31.2357
2021-08-21,3.22,30.71,40.1,0.0,30.0444,31.2357
2021-08-22,3.5,30.69,39.64,0.0,30.0444,31.2357
2021-08-23,2.61,29.87,37.92,0.0,30.0444,31.2357
2021-08-24,2.31,29.42,37.61,0.0,30.0444,31.2357
2021-08-25,2.3,29.39,37.22,0.0,30.0444,31.2357
2021-08-26,2.94,30.06,38.61,0.0,30.0444,31.2357
2021-08-27,3.23,30.5,38.98,0.0,30.0444,31.2357
2021-08-28,2.69,30.54,39.29,0.0,30.0444,31.2357
2021-08-29,2.84,31.4,40.3,0.0,30.0444,31.2357
2021-08-30,3.28,31.16,39.04,0.0,30.0444,31.2357
2021-08-31,3.53,29.92,38.24,0.0,30.0444,31.2357
2021-09-01,3.79,29.45,38.46,0.0,30.0444,31.2357
2021-09-02,3.79,29.18,38.63,0.0,30.0444,31.2357
2021-09-03,4.05,28.37,36.95,0.0,30.0444,31.2357
2021-09-04,2.83,29.14,37.63,0.0,30.0444,31.2357
2021-09-05,3.69,28.83,36.36,0.0,30.0444,31.2357
2021-09-06,3.13,28.14,36.4,0.0,30.0444,31.2357
2021-09-07,2.77,28.78,36.51,0.0,30.0444,31.2357
2021-09-08,1.76,31.86,40.25,0.0,30.0444,31.2357
2021-09-09,3.8,30.4,38.03,0.0,30.0444,31.2357
2021-09-10,3.65,26.96,34.22,0.0,30.0444,31.2357
2021-09-11,3.32,26.5,34.07,0.0,30.0444,31.2357
2021-09-12,2.22,27.7,35.78,0.0,30.0444,31.2357
2021-09-13,3.55,30.92,39.85,0.0,30.0444,31.2357
2021-09-14,2.77,29.57,37.17,0.0,30.0444,31.2357
2021-09-15,3.15,28.17,34.44,0.0,30.0444,31.2357
2021-09-16,3.35,26.44,33.37,0.0,30.0444,31.2357
2021-09-17,3.49,27.18,35.11,0.0,30.0444,31.2357
2021-09-18,2.83,28.2,35.75,0.0,30.0444,31.2357
2021-09-19,3.83,28.48,37.44,0.0,30.0444,31.2357
2021-09-20,4.12,29.1,38.91,0.0,30.0444,31.2357
2021-09-21,3.6,29.08,38.38,0.0,30.0444,31.2357
2021-09-22,3.61,28.24,37.82,0.0,30.0444,31.2357
2021-09-23,2.81,27.35,35.58,0.0,30.0444,31.2357
2021-09-24,3.42,25.22,31.24,0.0,30.0444,31.2357
2021-09-25,3.15,24.81,32.39,0.0,30.0444,31.2357
2021-09-26,2.76,26.09,33.37,0.0,30.0444,31.2357
2021-09-27,2.94,25.39,32.18,0.0,30.0444,31.2357
2021-09-28,2.57,25.28,33.08,0.0,30.0444,31.2357
2021-09-29,2.57,25.78,33.98,0.0,30.0444,31.2357
2021-09-30,3.03,26.25,34.1,0.0,30.0444,31.2357
2021-10-01,3.18,25.31,32.92,0.0,30.0444,31.2357
2021-10-02,2.99,24.77,31.98,0.0,30.0444,31.2357
2021-10-03,3.15,24.41,31.32,0.0,30.0444,31.2357
2021-10-04,3.26,24.14,31.87,0.0,30.0444,31.2357
2021-10-05,3.34,23.58,31.48,0.0,30.0444,31.2357
2021-10-06,2.72,23.53,31.28,0.0,30.0444,31.2357
2021-10-07,2.93,23.72,32.02,0.0,30.0444,31.2357
2021-10-08,3.38,24.22,32.12,0.05,30.0444,31.2357
2021-10-09,3.65,24.28,33.01,0.05,30.0444,31.2357
2021-10-10,3.82,24.23,33.79,0.35,30.0444,31.2357
2021-10-11,2.74,25.8,34.74,0.26,30.0444,31.2357
2021-10-12,2.93,26.46,34.18,0.13,30.0444,31.2357
2021-10-13,4.2,25.7,33.86,0.03,30.0444,31.2357
2021-10-14,3.71,25.27,33.67,0.0,30.0444,31.2357
2021-10-15,3.2,25.45,34.09,0.0,30.0444,31.2357
2021-10-16,2.4,26.59,34.99,0.0,30.0444,31.2357
2021-10-17,2.36,24.63,31.16,0.0,30.0444,31.2357
2021-10-18,2.69,22.68,29.35,0.0,30.0444,31.2357
2021-10-19,2.91,22.47,29.49,0.0,30.0444,31.2357
2021-10-20,3.32,22.29,28.6,0.0,30.0444,31.2357
2021-10-21,2.67,21.46,28.25,0.0,30.0444,31.2357
2021-10-22,3.15,21.6,28.5,0.0,30.0444,31.2357
2021-10-23,3.47,21.83,28.84,0.0,30.0444,31.2357
2021-10-24,2.77,20.6,27.58,0.0,30.0444,31.2357
2021-10-25,2.38,21.25,29.02,0.0,30.0444,31.2357
2021-10-26,2.93,22.02,30.26,0.0,30.0444,31.2357
2021-10-27,4.03,24.58,32.92,0.0,30.0444,31.2357
2021-10-28,2.88,25.77,34.66,0.0,30.0444,31.2357
2021-10-29,2.12,23.83,30.37,0.0,30.0444,31.2357
2021-10-30,1.04,23.61,28.1,0.24,30.0444,31.2357
2021-10-31,2.22,25.35,32.69,0.32,30.0444,31.2357
2021-11-01,2.85,24.03,30.47,0.0,30.0444,31.2357
2021-11-02,1.66,22.13,28.38,0.0,30.0444,31.2357
2021-11-03,2.14,23.24,30.92,0.0,30.0444,31.2357
2021-11-04,4.04,22.15,29.65,0.0,30.0444,31.2357
2021-11-05,4.11,22.87,30.43,0.0,30.0444,31.2357
2021-11-06,2.91,22.87,31.46,0.0,30.0444,31.2357
2021-11-07,2.79,22.62,31.6,0.32,30.0444,31.2357
2021-11-08,2.35,22.77,32.54,0.42,30.0444,31.2357
2021-11-09,2.06,22.73,32.79,0.05,30.0444,31.2357
2021-11-10,2.06,21.53,29.17,0.2,30.0444,31.2357
2021-11-11,2.68,20.16,25.47,0.1,30.0444,31.2357
2021-11-12,2.67,20.41,26.49,0.0,30.0444,31.2357
2021-11-13,1.83,21.52,30.22,0.0,30.0444,31.2357
2021-11-14,1.38,21.77,29.54,0.0,30.0444,31.2357
2021-11-15,1.64,20.9,27.16,0.01,30.0444,31.2357
2021-11-16,1.59,19.9,24.86,0.01,30.0444,31.2357
2021-11-17,1.85,20.25,26.49,0.26,30.0444,31.2357
2021-11-18,2.56,19.33,25.81,0.12,30.0444,31.2357
2021-11-19,3.21,18.62,25.0,0.3,30.0444,31.2357
2021-11-20,3.36,16.1,21.82,6.96,30.0444,31.2357
2021-11-21,3.35,15.0,18.93,6.8,30.0444,31.2357
2021-11-22,1.99,16.9,22.59,2.33,30.0444,31.2357
2021-11-23,1.18,17.8,23.73,0.41,30.0444,31.2357
2021-11-24,1.67,17.39,23.71,1.84,30.0444,31.2357
2021-11-25,1.37,18.27,25.22,0.0,30.0444,31.2357
2021-11-26,1.51,18.26,25.68,0.01,30.0444,31.2357
2021-11-27,1.55,20.91,29.93,0.02,30.0444,31.2357
2021-11-28,1.6,21.54,29.91,0.0,30.0444,31.2357
2021-11-29,1.7,23.4,33.59,0.0,30.0444,31.2357
2021-11-30,3.23,20.21,27.77,0.0,30.0444,31.2357
2021-12-01,3.25,17.42,22.73,0.08,30.0444,31.2357
2021-12-02,1.84,15.39,20.73,0.0,30.0444,31.2357
2021-12-03,1.97,16.0,22.88,0.0,30.0444,31.2357
2021-12-04,2.06,16.05,23.24,0.0,30.0444,31.2357
2021-12-05,3.7,14.68,19.98,0.03,30.0444,31.2357
2021-12-06,0.79,16.17,21.09,0.0,30.0444,31.2357
2021-12-07,3.48,14.66,18.13,0.0,30.0444,31.2357
2021-12-08,5.47,12.8,18.99,0.01,30.0444,31.2357
2021-12-09,1.84,13.92,21.41,0.0,30.0444,31.2357
2021-12-10,1.77,16.13,24.2,0.0,30.0444,31.2357
2021-12-11,1.68,15.89,23.16,0.02,30.0444,31.2357
2021-12-12,0.94,15.73,19.83,0.04,30.0444,31.2357
2021-12-13,1.42,16.57,22.33,0.24,30.0444,31.2357
2021-12-14,2.44,14.4,20.43,0.01,30.0444,31.2357
2021-12-15,2.49,11.93,19.05,0.0,30.0444,31.2357
2021-12-16,2.26,12.02,18.7,0.02,30.0444,31.2357
2021-12-17,2.11,12.69,18.6,0.19,30.0444,31.2357
2021-12-18,3.59,11.06,17.9,0.0,30.0444,31.2357
2021-12-19,4.71,11.67,17.06,0.74,30.0444,31.2357
2021-12-20,4.88,9.78,14.28,2.43,30.0444,31.2357
2021-12-21,3.22,10.2,17.02,0.31,30.0444,31.2357
2021-12-22,1.96,11.12,16.95,0.32,30.0444,31.2357
2021-12-23,1.34,11.41,14.87,0.9,30.0444,31.2357
2021-12-24,2.71,11.58,17.62,0.19,30.0444,31.2357
2021-12-25,2.0,10.98,18.18,0.01,30.0444,31.2357
2021-12-26,2.66,11.04,18.76,0.01,30.0444,31.2357
2021-12-27,2.65,12.67,20.44,0.19,30.0444,31.2357
2021-12-28,2.24,13.33,18.46,0.27,30.0444,31.2357
2021-12-29,1.7,13.03,18.47,0.27,30.0444,31.2357
2021-12-30,4.26,13.41,17.36,0.41,30.0444,31.2357
2021-12-31,4.28,12.94,17.8,3.79,30.0444,31.2357
2022-01-01,1.46,12.2,18.29,0.51,30.0444,31.2357
2022-01-02,1.77,12.18,18.83,0.33,30.0444,31.2357
2022-01-03,1.79,12.91,19.76,0.4,30.0444,31.2357
2022-01-04,1.73,12.02,18.59,0.15,30.0444,31.2357
2022-01-05,0.94,12.67,19.56,0.0,30.0444,31.2357
2022-01-06,1.17,13.52,20.33,0.04,30.0444,31.2357
2022-01-07,1.23,12.99,19.52,2.3,30.0444,31.2357
2022-01-08,1.32,13.44,21.61,0.0,30.0444,31.2357
2022-01-09,4.35,11.02,15.94,0.0,30.0444,31.2357
2022-01-10,4.3,10.59,17.62,0.04,30.0444,31.2357
2022-01-11,4.33,11.45,18.99,0.0,30.0444,31.2357
2022-01-12,3.19,11.89,18.43,0.0,30.0444,31.2357
2022-01-13,3.01,12.09,18.44,0.44,30.0444,31.2357
2022-01-14,3.01,11.09,15.96,0.44,30.0444,31.2357
2022-01-15,3.26,9.82,15.73,0.03,30.0444,31.2357
2022-01-16,3.2,9.84,15.56,5.37,30.0444,31.2357
2022-01-17,2.9,9.88,15.15,5.84,30.0444,31.2357
2022-01-18,1.53,8.14,15.24,0.0,30.0444,31.2357
2022-01-19,3.74,8.49,14.7,7.16,30.0444,31.2357
2022-01-20,1.76,7.62,14.6,0.0,30.0444,31.2357
2022-01-21,1.68,8.15,15.83,0.0,30.0444,31.2357
2022-01-22,1.7,8.61,15.86,0.0,30.0444,31.2357
2022-01-23,3.19,9.29,15.95,0.7,30.0444,31.2357
2022-01-24,1.61,8.75,14.27,1.37,30.0444,31.2357
2022-01-25,2.37,7.71,15.31,0.0,30.0444,31.2357
2022-01-26,3.94,6.67,11.79,3.64,30.0444,31.2357
2022-01-27,3.24,7.09,13.03,2.25,30.0444,31.2357
2022-01-28,2.09,8.99,15.46,1.51,30.0444,31.2357
2022-01-29,1.77,9.3,15.81,0.06,30.0444,31.2357
2022-01-30,2.24,10.43,17.79,0.0,30.0444,31.2357
2022-01-31,3.6,10.01,15.48,0.8,30.0444,31.2357
2022-02-01,1.84,11.78,18.51,0.24,30.0444,31.2357
2022-02-02,2.35,11.76,19.27,0.0,30.0444,31.2357
2022-02-03,4.56,10.74,17.37,0.01,30.0444,31.2357
2022-02-04,4.58,9.8,14.69,0.93,30.0444,31.2357
2022-02-05,2.56,9.81,16.15,0.17,30.0444,31.2357
2022-02-06,1.46,11.57,19.02,0.01,30.0444,31.2357
2022-02-07,1.42,12.42,21.03,0.0,30.0444,31.2357
2022-02-08,1.67,13.55,22.64,0.0,30.0444,31.2357
2022-02-09,3.44,10.44,17.36,0.12,30.0444,31.2357
2022-02-10,3.28,9.88,16.44,0.0,30.0444,31.2357
2022-02-11,1.97,11.17,18.55,0.0,30.0444,31.2357
2022-02-12,3.04,12.27,21.13,0.0,30.0444,31.2357
2022-02-13,2.32,12.69,21.83,0.0,30.0444,31.2357
2022-02-14,2.57,11.99,19.54,0.0,30.0444,31.2357
2022-02-15,2.95,11.97,19.37,0.24,30.0444,31.2357
2022-02-16,2.49,11.97,19.55,0.0,30.0444,31.2357
2022-02-17,2.13,11.39,16.84,0.17,30.0444,31.2357
2022-02-18,2.44,12.63,18.71,2.82,30.0444,31.2357
2022-02-19,3.53,11.38,16.65,4.22,30.0444,31.2357
2022-02-20,1.27,12.61,20.46,0.0,30.0444,31.2357
2022-02-21,1.18,15.11,22.7,0.0,30.0444,31.2357
2022-02-22,1.42,16.82,23.75,0.0,30.0444,31.2357
2022-02-23,2.24,16.41,25.15,0.01,30.0444,31.2357
2022-02-24,3.65,11.5,17.01,1.83,30.0444,31.2357
2022-02-25,4.17,12.18,17.98,0.02,30.0444,31.2357
2022-02-26,2.0,12.24,19.81,0.0,30.0444,31.2357
2022-02-27,1.83,12.8,21.14,0.0,30.0444,31.2357
2022-02-28,2.32,13.88,22.84,0.0,30.0444,31.2357
2022-03-01,2.62,15.81,24.91,0.0,30.0444,31.2357
2022-03-02,3.13,18.38,28.34,0.0,30.0444,31.2357
2022-03-03,3.63,13.13,19.35,0.0,30.0444,31.2357
2022-03-04,1.51,12.87,19.95,0.0,30.0444,31.2357
2022-03-05,1.99,16.14,24.96,0.0,30.0444,31.2357
2022-03-06,4.53,19.74,27.64,0.0,30.0444,31.2357
2022-03-07,2.49,16.44,24.2,0.17,30.0444,31.2357
2022-03-08,1.77,16.55,23.31,0.59,30.0444,31.2357
2022-03-09,3.01,15.57,22.44,0.04,30.0444,31.2357
2022-03-10,4.1,12.81,18.78,0.01,30.0444,31.2357
2022-03-11,4.1,11.08,17.27,0.01,30.0444,31.2357
2022-03-12,3.05,9.54,16.14,0.12,30.0444,31.2357
2022-03-13,3.08,9.1,16.32,0.86,30.0444,31.2357
2022-03-14,3.59,8.9,16.29,0.0,30.0444,31.2357
2022-03-15,3.93,9.59,17.14,0.03,30.0444,31.2357
2022-03-16,2.25,10.43,18.71,0.0,30.0444,31.2357
2022-03-17,2.11,11.39,19.91,0.01,30.0444,31.2357
2022-03-18,2.47,13.12,21.07,0.37,30.0444,31.2357
2022-03-19,3.32,12.83,19.76,0.01,30.0444,31.2357
2022-03-20,4.49,11.77,17.96,24.88,30.0444,31.2357
2022-03-21,3.69,11.6,18.63,10.68,30.0444,31.2357
2022-03-22,2.37,10.58,17.27,0.94,30.0444,31.2357
2022-03-23,2.92,10.56,17.55,0.17,30.0444,31.2357
2022-03-24,3.6,10.22,16.35,0.64,30.0444,31.2357
2022-03-25,3.49,11.58,18.83,0.74,30.0444,31.2357
2022-03-26,2.37,13.51,22.64,0.0,30.0444,31.2357
2022-03-27,2.55,14.05,23.46,0.05,30.0444,31.2357
2022-03-28,4.01,14.33,23.75,0.0,30.0444,31.2357
2022-03-29,2.81,16.95,27.47,0.0,30.0444,31.2357
2022-03-30,1.92,17.28,27.11,0.0,30.0444,31.2357
2022-03-31,2.65,19.09,28.97,0.0,30.0444,31.2357
2022-04-01,1.39,20.65,30.5,0.0,30.0444,31.2357
2022-04-02,1.81,23.87,33.65,0.0,30.0444,31.2357
2022-04-03,3.61,20.45,28.11,0.0,30.0444,31.2357
2022-04-04,4.66,21.5,32.61,0.0,30.0444,31.2357
2022-04-05,1.96,26.88,38.36,0.0,30.0444,31.2357
2022-04-06,2.93,25.74,36.23,0.0,30.0444,31.2357
2022-04-07,2.43,25.69,35.82,0.0,30.0444,31.2357
2022-04-08,3.47,21.72,29.44,0.0,30.0444,31.2357
2022-04-09,3.18,19.28,28.83,0.0,30.0444,31.2357
2022-04-10,3.22,20.98,31.79,0.0,30.0444,31.2357
2022-04-11,3.89,19.05,28.45,0.0,30.0444,31.2357
2022-04-12,3.8,16.58,24.93,0.0,30.0444,31.2357
2022-04-13,3.49,17.14,26.73,0.0,30.0444,31.2357
2022-04-14,4.32,17.75,27.15,0.0,30.0444,31.2357
2022-04-15,3.71,19.13,29.1,0.0,30.0444,31.2357
2022-04-16,3.06,22.5,33.45,0.0,30.0444,31.2357
2022-04-17,3.58,28.91,40.0,0.0,30.0444,31.2357
2022-04-18,2.72,22.41,26.74,0.0,30.0444,31.2357
2022-04-19,3.48,20.46,28.2,0.0,30.0444,31.2357
2022-04-20,2.97,18.33,26.34,0.0,30.0444,31.2357
2022-04-21,3.85,18.88,28.16,0.0,30.0444,31.2357
2022-04-22,3.62,18.79,27.8,0.0,30.0444,31.2357
2022-04-23,2.97,20.44,31.26,0.0,30.0444,31.2357
2022-04-24,2.68,22.63,34.69,0.0,30.0444,31.2357
2022-04-25,2.64,24.15,34.26,0.0,30.0444,31.2357
2022-04-26,3.58,23.89,33.28,0.0,30.0444,31.2357
2022-04-27,3.35,23.01,33.24,0.0,30.0444,31.2357
2022-04-28,2.97,22.72,32.88,0.0,30.0444,31.2357
2022-04-29,2.23,27.22,37.77,0.0,30.0444,31.2357
2022-04-30,4.41,24.01,33.04,0.0,30.0444,31.2357
2022-05-01,2.68,22.95,32.92,0.0,30.0444,31.2357
2022-05-02,2.48,23.95,29.57,0.0,30.0444,31.2357
2022-05-03,4.51,24.9,32.77,0.0,30.0444,31.2357
2022-05-04,4.11,21.48,28.87,0.0,30.0444,31.2357
2022-05-05,3.98,19.63,27.96,0.0,30.0444,31.2357
2022-05-06,3.26,20.44,29.35,0.0,30.0444,31.2357
2022-05-07,1.68,21.28,29.02,0.0,30.0444,31.2357
2022-05-08,2.96,25.51,34.21,0.0,30.0444,31.2357
2022-05-09,4.31,26.32,36.0,0.0,30.0444,31.2357
2022-05-10,1.88,23.99,32.76,0.0,30.0444,31.2357
2022-05-11,2.81,22.96,29.35,0.0,30.0444,31.2357
2022-05-12,3.75,23.45,31.87,0.0,30.0444,31.2357
2022-05-13,4.51,25.0,33.78,0.0,30.0444,31.2357
2022-05-14,4.63,25.26,34.79,0.0,30.0444,31.2357
2022-05-15,4.46,23.5,32.01,0.0,30.0444,31.2357
2022-05-16,2.96,21.37,26.97,0.0,30.0444,31.2357
2022-05-17,3.03,24.51,34.18,0.0,30.0444,31.2357
2022-05-18,2.98,25.69,35.12,0.0,30.0444,31.2357
2022-05-19,2.93,27.23,36.54,0.0,30.0444,31.2357
2022-05-20,3.8,28.9,38.06,0.0,30.0444,31.2357
2022-05-21,4.47,24.56,32.0,0.0,30.0444,31.2357
2022-05-22,3.94,22.53,29.96,0.0,30.0444,31.2357
2022-05-23,3.28,24.73,33.72,0.0,30.0444,31.2357
2022-05-24,2.61,26.22,36.11,0.0,30.0444,31.2357
2022-05-25,2.87,26.66,35.91,0.0,30.0444,31.2357
2022-05-26,4.26,26.71,35.72,0.0,30.0444,31.2357
2022-05-27,3.55,28.12,37.75,0.0,30.0444,31.2357
2022-05-28,3.01,28.9,38.05,0.0,30.0444,31.2357
2022-05-29,2.4,29.83,38.95,0.0,30.0444,31.2357
2022-05-30,2.79,31.34,41.25,0.0,30.0444,31.2357
2022-05-31,3.7,28.96,37.73,0.0,30.0444,31.2357
2022-06-01,3.16,26.29,34.34,0.0,30.0444,31.2357
2022-06-02,2.95,26.61,35.4,0.0,30.0444,31.2357
2022-06-03,2.46,28.04,36.42,0.0,30.0444,31.2357
2022-06-04,2.5,29.6,37.63,0.0,30.0444,31.2357
2022-06-05,2.75,30.6,38.98,0.0,30.0444,31.2357
2022-06-06,2.77,29.09,36.28,0.0,30.0444,31.2357
2022-06-07,2.84,28.98,37.16,0.0,30.0444,31.2357
2022-06-08,2.18,30.38,38.72,0.0,30.0444,31.2357
2022-06-09,2.71,33.22,41.39,0.0,30.0444,31.2357
2022-06-10,2.98,32.89,41.73,0.0,30.0444,31.2357
2022-06-11,3.49,34.32,44.3,0.0,30.0444,31.2357
2022-06-12,3.61,29.08,35.99,0.0,30.0444,31.2357
2022-06-13,2.87,27.61,34.53,0.0,30.0444,31.2357
2022-06-14,2.96,29.2,35.9,0.0,30.0444,31.2357
2022-06-15,3.67,28.76,36.54,0.0,30.0444,31.2357
2022-06-16,4.34,29.12,37.93,0.0,30.0444,31.2357
2022-06-17,4.35,29.35,37.84,0.0,30.0444,31.2357
2022-06-18,4.01,28.69,37.27,0.0,30.0444,31.2357
2022-06-19,3.53,27.92,36.61,0.0,30.0444,31.2357
2022-06-20,3.65,27.57,36.26,0.0,30.0444,31.2357
2022-06-21,3.83,26.88,35.47,0.0,30.0444,31.2357
2022-06-22,4.21,27.76,36.49,0.0,30.0444,31.2357
2022-06-23,2.74,29.79,38.56,0.0,30.0444,31.2357
2022-06-24,3.3,31.52,40.47,0.0,30.0444,31.2357
2022-06-25,4.23,29.32,37.21,0.0,30.0444,31.2357
2022-06-26,3.3,29.13,38.5,0.0,30.0444,31.2357
2022-06-27,3.83,28.98,36.94,0.0,30.0444,31.2357
2022-06-28,2.68,28.29,35.9,0.0,30.0444,31.2357
2022-06-29,2.56,29.17,36.47,0.0,30.0444,31.2357
2022-06-30,2.8,28.98,35.86,0.0,30.0444,31.2357
2022-07-01,2.52,29.11,36.42,0.0,30.0444,31.2357
2022-07-02,2.31,29.83,37.61,0.0,30.0444,31.2357
2022-07-03,2.4,30.48,38.12,0.0,30.0444,31.2357
2022-07-04,2.56,31.02,38.41,0.0,30.0444,31.2357
2022-07-05,3.08,30.53,37.91,0.0,30.0444,31.2357
2022-07-06,2.86,29.53,37.77,0.0,30.0444,31.2357
2022-07-07,2.39,29.07,37.53,0.0,30.0444,31.2357
2022-07-08,2.96,28.97,37.85,0.0,30.0444,31.2357
2022-07-09,3.77,29.83,38.86,0.0,30.0444,31.2357
2022-07-10,3.49,29.38,37.25,0.0,30.0444,31.2357
2022-07-11,3.26,28.89,36.24,0.0,30.0444,31.2357
2022-07-12,3.8,29.75,38.56,0.0,30.0444,31.2357
2022-07-13,4.33,28.23,36.74,0.0,30.0444,31.2357
2022-07-14,4.18,27.26,36.11,0.0,30.0444,31.2357
2022-07-15,3.07,27.69,35.78,0.0,30.0444,31.2357
2022-07-16,2.99,27.81,35.75,0.0,30.0444,31.2357
2022-07-17,3.12,29.36,38.67,0.0,30.0444,31.2357
2022-07-18,2.71,30.97,39.95,0.0,30.0444,31.2357
2022-07-19,2.71,32.0,40.14,0.0,30.0444,31.2357
2022-07-20,3.22,31.79,40.17,0.01,30.0444,31.2357
2022-07-21,3.92,30.12,38.68,0.0,30.0444,31.2357
2022-07-22,2.77,29.96,38.79,0.18,30.0444,31.2357
2022-07-23,3.15,29.99,39.78,0.24,30.0444,31.2357
2022-07-24,3.69,30.82,40.61,1.32,30.0444,31.2357
2022-07-25,2.21,30.78,39.82,0.08,30.0444,31.2357
2022-07-26,2.36,30.85,39.56,0.03,30.0444,31.2357
2022-07-27,2.38,30.14,38.88,0.03,30.0444,31.2357
2022-07-28,2.54,31.06,39.9,0.0,30.0444,31.2357
2022-07-29,2.63,30.97,39.14,0.01,30.0444,31.2357
2022-07-30,2.92,30.21,38.37,0.0,30.0444,31.2357
2022-07-31,3.2,30.72,39.72,0.0,30.0444,31.2357
2022-08-01,3.4,30.93,40.58,0.18,30.0444,31.2357
2022-08-02,3.24,30.01,38.79,0.06,30.0444,31.2357
2022-08-03,3.6,29.69,38.35,0.02,30.0444,31.2357
2022-08-04,2.95,30.06,38.95,0.0,30.0444,31.2357
2022-08-05,2.82,30.28,38.49,0.0,30.0444,31.2357
2022-08-06,2.79,30.0,38.4,0.0,30.0444,31.2357
2022-08-07,2.36,29.72,37.31,0.0,30.0444,31.2357
2022-08-08,2.54,30.91,38.16,0.0,30.0444,31.2357
2022-08-09,2.84,31.05,38.3,0.0,30.0444,31.2357
2022-08-10,2.7,30.37,37.42,0.0,30.0444,31.2357
2022-08-11,2.61,30.13,37.7,0.0,30.0444,31.2357
2022-08-12,3.06,29.63,37.12,0.0,30.0444,31.2357
2022-08-13,3.51,29.16,37.26,0.0,30.0444,31.2357
2022-08-14,3.24,29.84,38.27,0.03,30.0444,31.2357
2022-08-15,2.88,29.46,37.17,0.0,30.0444,31.2357
2022-08-16,3.44,29.64,37.93,0.27,30.0444,31.2357
2022-08-17,3.28,29.03,37.51,0.15,30.0444,31.2357
2022-08-18,2.94,29.52,38.87,0.03,30.0444,31.2357
2022-08-19,2.4,29.88,38.14,0.0,30.0444,31.2357
2022-08-20,2.96,31.17,39.88,0.0,30.0444,31.2357
2022-08-21,2.47,31.08,38.81,0.0,30.0444,31.2357
2022-08-22,2.38,31.55,39.58,0.0,30.0444,31.2357
2022-08-23,2.65,32.51,40.3,0.0,30.0444,31.2357
2022-08-24,2.64,33.35,41.9,0.0,30.0444,31.2357
2022-08-25,4.05,31.06,38.72,0.0,30.0444,31.2357
2022-08-26,2.63,29.86,37.06,0.0,30.0444,31.2357
2022-08-27,3.67,30.15,38.54,0.0,30.0444,31.2357
2022-08-28,4.25,30.15,38.49,0.0,30.0444,31.2357
2022-08-29,3.94,30.08,38.77,0.13,30.0444,31.2357
2022-08-30,3.11,30.04,38.22,0.58,30.0444,31.2357
2022-08-31,3.44,29.58,37.07,0.29,30.0444,31.2357
2022-09-01,3.82,29.44,37.86,0.0,30.0444,31.2357
2022-09-02,3.36,29.5,37.54,0.0,30.0444,31.2357
2022-09-03,3.52,29.45,37.61,0.0,30.0444,31.2357
2022-09-04,3.79,29.11,37.84,0.0,30.0444,31.2357
2022-09-05,3.2,28.73,36.81,0.0,30.0444,31.2357
2022-09-06,3.49,28.26,35.92,0.0,30.0444,31.2357
2022-09-07,3.03,28.55,35.85,0.0,30.0444,31.2357
2022-09-08,2.97,29.25,36.74,0.0,30.0444,31.2357
2022-09-09,3.74,29.14,37.39,0.0,30.0444,31.2357
2022-09-10,3.56,28.5,37.2,0.0,30.0444,31.2357
2022-09-11,2.64,28.36,37.85,0.0,30.0444,31.2357
2022-09-12,2.52,29.26,37.79,0.0,30.0444,31.2357
2022-09-13,2.71,28.49,36.29,0.0,30.0444,31.2357
2022-09-14,2.73,27.31,34.48,0.0,30.0444,31.2357
2022-09-15,2.75,26.38,33.6,0.0,30.0444,31.2357
2022-09-16,1.77,26.32,33.18,0.0,30.0444,31.2357
2022-09-17,2.09,27.05,34.2,0.0,30.0444,31.2357
2022-09-18,2.13,27.53,34.64,0.04,30.0444,31.2357
2022-09-19,2.5,27.68,35.34,0.58,30.0444,31.2357
2022-09-20,2.3,26.9,33.94,3.32,30.0444,31.2357
2022-09-21,2.57,25.51,33.22,0.0,30.0444,31.2357
2022-09-22,2.71,28.25,36.43,0.0,30.0444,31.2357
2022-09-23,3.59,28.77,36.62,0.0,30.0444,31.2357
2022-09-24,4.39,28.54,37.64,0.0,30.0444,31.2357
2022-09-25,4.02,29.02,38.53,0.0,30.0444,31.2357
2022-09-26,3.14,29.68,39.03,0.0,30.0444,31.2357
2022-09-27,3.06,29.25,38.11,0.0,30.0444,31.2357
2022-09-28,2.93,28.8,37.09,0.0,30.0444,31.2357
2022-09-29,3.93,29.79,38.72,0.0,30.0444,31.2357
2022-09-30,4.54,30.2,39.49,0.0,30.0444,31.2357
2022-10-01,4.16,29.75,39.56,0.0,30.0444,31.2357
2022-10-02,2.6,28.7,38.09,0.0,30.0444,31.2357
2022-10-03,3.27,27.13,34.14,0.0,30.0444,31.2357
2022-10-04,2.36,25.4,32.9,0.0,30.0444,31.2357
2022-10-05,2.65,25.75,33.52,0.0,30.0444,31.2357
2022-10-06,3.34,25.11,32.22,0.0,30.0444,31.2357
2022-10-07,2.64,23.51,30.11,0.0,30.0444,31.2357
2022-10-08,2.63,23.36,30.3,0.0,30.0444,31.2357
2022-10-09,2.83,23.37,30.18,0.0,30.0444,31.2357
2022-10-10,2.94,23.56,30.74,0.0,30.0444,31.2357
2022-10-11,3.37,24.07,31.56,0.0,30.0444,31.2357
2022-10-12,3.06,23.76,30.55,0.0,30.0444,31.2357
2022-10-13,3.06,23.56,31.04,0.0,30.0444,31.2357
2022-10-14,2.28,22.82,29.62,0.0,30.0444,31.2357
2022-10-15,2.08,25.02,33.04,0.0,30.0444,31.2357
2022-10-16,3.12,24.67,30.93,0.01,30.0444,31.2357
2022-10-17,3.23,23.82,30.37,0.01,30.0444,31.2357
2022-10-18,2.34,22.85,29.7,0.0,30.0444,31.2357
2022-10-19,2.18,22.92,29.58,0.01,30.0444,31.2357
2022-10-20,2.14,23.57,30.03,0.06,30.0444,31.2357
2022-10-21,3.07,23.12,29.31,0.08,30.0444,31.2357
2022-10-22,2.52,23.15,29.15,0.31,30.0444,31.2357
2022-10-23,2.67,22.45,27.92,0.86,30.0444,31.2357
2022-10-24,2.57,21.79,28.04,0.09,30.0444,31.2357
2022-10-25,2.76,21.45,26.21,3.42,30.0444,31.2357
2022-10-26,2.79,22.57,28.88,0.51,30.0444,31.2357
2022-10-27,2.41,22.68,29.83,0.27,30.0444,31.2357
2022-10-28,2.89,22.87,29.58,0.01,30.0444,31.2357
2022-10-29,2.23,22.23,28.57,0.02,30.0444,31.2357
2022-10-30,2.63,21.7,28.16,0.04,30.0444,31.2357
2022-10-31,1.65,21.14,27.79,0.01,30.0444,31.2357
2022-11-01,1.87,20.43,26.39,0.19,30.0444,31.2357
2022-11-02,2.6,19.96,26.84,0.0,30.0444,31.2357
2022-11-03,2.13,20.45,27.66,0.0,30.0444,31.2357
2022-11-04,2.34,20.28,27.08,0.0,30.0444,31.2357
2022-11-05,1.73,19.57,26.47,0.0,30.0444,31.2357
2022-11-06,1.56,19.46,26.59,0.0,30.0444,31.2357
2022-11-07,2.78,19.78,27.57,0.0,30.0444,31.2357
2022-11-08,2.81,19.56,25.42,0.2,30.0444,31.2357
2022-11-09,2.28,19.09,25.83,0.03,30.0444,31.2357
2022-11-10,1.57,18.45,25.57,0.0,30.0444,31.2357
2022-11-11,3.1,19.4,26.68,0.01,30.0444,31.2357
2022-11-12,2.68,19.96,27.21,0.03,30.0444,31.2357
2022-11-13,3.27,20.8,28.49,0.18,30.0444,31.2357
2022-11-14,3.13,20.26,26.15,0.12,30.0444,31.2357
2022-11-15,2.03,18.28,24.62,0.0,30.0444,31.2357
2022-11-16,1.91,17.94,24.35,0.03,30.0444,31.2357
2022-11-17,1.82,18.39,24.65,0.0,30.0444,31.2357
2022-11-18,1.37,19.0,26.27,0.0,30.0444,31.2357
2022-11-19,2.68,18.78,26.83,0.0,30.0444,31.2357
2022-11-20,2.92,19.54,28.25,0.0,30.0444,31.2357
2022-11-21,2.13,19.54,26.49,0.0,30.0444,31.2357
2022-11-22,2.37,18.89,25.7,0.02,30.0444,31.2357
2022-11-23,1.77,17.97,25.15,0.01,30.0444,31.2357
2022-11-24,2.32,17.14,23.85,0.0,30.0444,31.2357
2022-11-25,3.74,17.42,24.26,0.0,30.0444,31.2357
2022-11-26,2.17,16.44,23.36,0.0,30.0444,31.2357
2022-11-27,1.11,15.46,20.69,0.0,30.0444,31.2357
2022-11-28,2.13,16.2,21.79,0.0,30.0444,31.2357
2022-11-29,1.67,16.33,23.47,0.0,30.0444,31.2357
2022-11-30,0.95,18.02,24.98,0.0,30.0444,31.2357
2022-12-01,1.4,17.22,24.65,0.0,30.0444,31.2357
2022-12-02,1.8,18.07,25.58,0.0,30.0444,31.2357
2022-12-03,3.21,18.75,26.24,0.03,30.0444,31.2357
2022-12-04,3.36,17.63,24.18,0.0,30.0444,31.2357
2022-12-05,3.16,16.81,23.0,0.03,30.0444,31.2357
2022-12-06,2.32,16.65,22.28,0.08,30.0444,31.2357
2022-12-07,1.12,15.91,22.14,0.0,30.0444,31.2357
2022-12-08,1.17,17.27,23.73,0.0,30.0444,31.2357
2022-12-09,1.37,18.51,25.89,0.0,30.0444,31.2357
2022-12-10,1.14,16.39,24.87,0.0,30.0444,31.2357
2022-12-11,1.73,16.72,24.25,0.0,30.0444,31.2357
2022-12-12,2.61,17.25,25.34,0.0,30.0444,31.2357
2022-12-13,1.59,17.12,23.03,0.0,30.0444,31.2357
2022-12-14,2.34,17.64,24.09,0.0,30.0444,31.2357
2022-12-15,1.18,17.73,24.92,0.0,30.0444,31.2357
2022-12-16,2.86,17.44,24.77,0.0,30.0444,31.2357
2022-12-17,3.04,18.06,26.34,0.24,30.0444,31.2357
2022-12-18,3.12,17.86,27.33,0.26,30.0444,31.2357
2022-12-19,2.82,17.02,25.35,0.26,30.0444,31.2357
2022-12-20,2.58,16.22,22.4,0.18,30.0444,31.2357
2022-12-21,2.7,15.39,20.69,0.27,30.0444,31.2357
2022-12-22,1.49,15.38,20.85,7.8,30.0444,31.2357
2022-12-23,2.37,14.65,20.02,7.8,30.0444,31.2357
2022-12-24,2.93,14.09,19.38,0.98,30.0444,31.2357
2022-12-25,2.39,14.47,19.66,5.91,30.0444,31.2357
2022-12-26,3.22,14.39,20.31,0.44,30.0444,31.2357
2022-12-27,2.24,13.45,21.19,0.0,30.0444,31.2357
2022-12-28,1.38,12.59,19.61,0.0,30.0444,31.2357
2022-12-29,1.5,13.11,20.49,0.0,30.0444,31.2357
2022-12-30,1.88,14.69,21.07,0.63,30.0444,31.2357
2022-12-31,2.76,13.78,21.01,0.01,30.0444,31.2357
2023-01-01,3.01,14.71,21.2,0.06,30.0444,31.2357
2023-01-02,1.9,14.61,22.84,0.18,30.0444,31.2357
2023-01-03,2.21,13.95,20.4,0.38,30.0444,31.2357
2023-01-04,2.48,14.35,19.92,0.39,30.0444,31.2357
2023-01-05,1.71,13.09,19.47,0.05,30.0444,31.2357
2023-01-06,1.94,13.45,20.97,0.0,30.0444,31.2357
2023-01-07,1.17,14.29,20.43,0.02,30.0444,31.2357
2023-01-08,1.96,13.47,19.75,0.7,30.0444,31.2357
2023-01-09,1.7,12.56,18.09,1.15,30.0444,31.2357
2023-01-10,0.8,14.28,21.31,0.01,30.0444,31.2357
2023-01-11,1.7,13.18,19.87,0.0,30.0444,31.2357
2023-01-12,2.58,11.78,18.81,0.34,30.0444,31.2357
2023-01-13,2.81,12.42,19.69,0.01,30.0444,31.2357
2023-01-14,2.91,13.17,19.03,0.31,30.0444,31.2357
2023-01-15,1.81,12.74,19.08,0.01,30.0444,31.2357
2023-01-16,2.42,11.2,16.88,0.36,30.0444,31.2357
2023-01-17,1.15,12.21,19.52,0.0,30.0444,31.2357
2023-01-18,2.18,12.78,22.0,0.0,30.0444,31.2357
2023-01-19,1.92,13.9,23.86,0.01,30.0444,31.2357
2023-01-20,2.02,13.48,22.41,0.0,30.0444,31.2357
2023-01-21,1.4,13.06,20.06,2.45,30.0444,31.2357
2023-01-22,2.26,13.02,20.64,9.47,30.0444,31.2357
2023-01-23,2.59,13.76,21.74,20.53,30.0444,31.2357
2023-01-24,3.1,14.2,21.97,34.09,30.0444,31.2357
2023-01-25,2.71,12.82,20.66,5.16,30.0444,31.2357
2023-01-26,2.2,12.71,21.28,3.02,30.0444,31.2357
2023-01-27,3.42,15.33,23.96,0.0,30.0444,31.2357
2023-01-28,2.5,14.76,21.9,0.0,30.0444,31.2357
2023-01-29,2.38,13.92,20.88,0.12,30.0444,31.2357
2023-01-30,1.97,12.87,20.4,0.03,30.0444,31.2357
2023-01-31,3.34,10.62,15.75,1.74,30.0444,31.2357
2023-02-01,4.42,10.3,16.25,3.23,30.0444,31.2357
2023-02-02,1.94,10.73,17.7,0.01,30.0444,31.2357
2023-02-03,1.44,11.64,17.84,0.01,30.0444,31.2357
2023-02-04,2.32,11.26,18.69,0.09,30.0444,31.2357
2023-02-05,3.59,11.25,18.76,0.0,30.0444,31.2357
2023-02-06,4.67,9.73,13.8,0.46,30.0444,31.2357
2023-02-07,3.1,8.32,14.07,0.16,30.0444,31.2357
2023-02-08,2.11,8.57,13.75,2.04,30.0444,31.2357
2023-02-09,1.13,9.23,15.41,0.0,30.0444,31.2357
2023-02-10,1.87,10.19,18.11,0.0,30.0444,31.2357
2023-02-11,2.92,10.28,15.96,3.33,30.0444,31.2357
2023-02-12,2.56,10.43,16.59,0.26,30.0444,31.2357
2023-02-13,2.17,9.82,16.43,0.26,30.0444,31.2357
2023-02-14,2.06,9.66,16.07,0.56,30.0444,31.2357
2023-02-15,2.02,10.08,16.41,0.06,30.0444,31.2357
2023-02-16,1.93,11.44,17.54,0.06,30.0444,31.2357
2023-02-17,2.62,11.59,18.75,0.02,30.0444,31.2357
2023-02-18,3.28,12.09,20.18,0.0,30.0444,31.2357
2023-02-19,3.25,12.32,20.65,0.01,30.0444,31.2357
2023-02-20,3.16,12.7,20.18,0.0,30.0444,31.2357
2023-02-21,1.93,13.42,20.77,0.0,30.0444,31.2357
2023-02-22,1.77,13.12,20.57,0.0,30.0444,31.2357
2023-02-23,1.67,13.85,20.38,0.0,30.0444,31.2357
2023-02-24,1.89,14.45,20.93,0.0,30.0444,31.2357
2023-02-25,1.08,15.9,22.75,0.0,30.0444,31.2357
2023-02-26,1.68,15.7,23.24,0.0,30.0444,31.2357
2023-02-27,2.91,15.95,26.19,0.0,30.0444,31.2357
2023-02-28,1.05,19.18,30.74,0.0,30.0444,31.2357
2023-03-01,1.18,21.64,31.07,0.0,30.0444,31.2357
2023-03-02,3.13,21.26,32.39,0.0,30.0444,31.2357
2023-03-03,1.97,18.09,27.29,0.0,30.0444,31.2357
2023-03-04,1.79,19.88,29.96,0.0,30.0444,31.2357
2023-03-05,4.19,21.14,32.65,0.0,30.0444,31.2357
2023-03-06,2.64,15.84,23.15,0.0,30.0444,31.2357
2023-03-07,2.36,15.02,22.45,0.0,30.0444,31.2357
2023-03-08,1.95,14.64,22.44,0.0,30.0444,31.2357
2023-03-09,2.3,17.32,25.64,0.0,30.0444,31.2357
2023-03-10,2.34,18.93,27.8,0.0,30.0444,31.2357
2023-03-11,1.46,18.65,27.16,0.0,30.0444,31.2357
2023-03-12,2.95,19.21,28.28,0.0,30.0444,31.2357
2023-03-13,3.67,18.46,26.86,0.11,30.0444,31.2357
2023-03-14,2.68,14.65,20.26,3.79,30.0444,31.2357
2023-03-15,2.24,14.51,21.63,0.06,30.0444,31.2357
2023-03-16,2.87,16.62,25.4,0.0,30.0444,31.2357
2023-03-17,2.83,16.7,25.13,0.01,30.0444,31.2357
2023-03-18,3.17,14.87,21.08,0.1,30.0444,31.2357
2023-03-19,3.53,14.09,20.87,0.18,30.0444,31.2357
2023-03-20,3.6,14.73,21.9,0.42,30.0444,31.2357
2023-03-21,1.67,16.28,23.76,0.03,30.0444,31.2357
2023-03-22,1.63,18.3,25.93,0.0,30.0444,31.2357
2023-03-23,1.3,21.07,28.68,0.03,30.0444,31.2357
2023-03-24,2.82,21.52,30.29,0.17,30.0444,31.2357
2023-03-25,4.32,18.3,23.98,0.96,30.0444,31.2357
2023-03-26,2.45,16.47,24.29,0.04,30.0444,31.2357
2023-03-27,2.43,18.32,27.49,0.0,30.0444,31.2357
2023-03-28,2.1,19.7,29.59,0.01,30.0444,31.2357
2023-03-29,3.77,16.68,24.57,0.02,30.0444,31.2357
2023-03-30,4.44,14.09,21.06,0.01,30.0444,31.2357
2023-03-31,2.97,14.26,22.19,0.05,30.0444,31.2357
2023-04-01,1.55,15.82,23.81,0.0,30.0444,31.2357
2023-04-02,1.82,18.6,27.81,0.0,30.0444,31.2357
2023-04-03,2.09,20.6,31.11,0.0,30.0444,31.2357
2023-04-04,3.74,21.31,31.56,0.0,30.0444,31.2357
2023-04-05,2.14,18.75,26.27,0.0,30.0444,31.2357
2023-04-06,1.86,18.67,27.2,0.0,30.0444,31.2357
2023-04-07,3.75,23.15,33.8,0.0,30.0444,31.2357
2023-04-08,1.58,23.91,34.16,0.0,30.0444,31.2357
2023-04-09,2.85,23.69,30.97,0.0,30.0444,31.2357
2023-04-10,4.12,22.05,29.91,0.0,30.0444,31.2357
2023-04-11,3.34,17.73,23.63,1.22,30.0444,31.2357
2023-04-12,4.13,14.59,19.8,1.88,30.0444,31.2357
2023-04-13,3.37,17.05,25.07,0.0,30.0444,31.2357
2023-04-14,1.42,20.0,28.16,0.0,30.0444,31.2357
2023-04-15,3.12,21.73,30.48,0.0,30.0444,31.2357
2023-04-16,1.96,21.2,31.43,0.0,30.0444,31.2357
2023-04-17,1.95,24.36,34.62,0.0,30.0444,31.2357
2023-04-18,2.26,27.04,36.59,0.0,30.0444,31.2357
2023-04-19,3.11,24.86,35.82,0.0,30.0444,31.2357
2023-04-20,3.57,20.4,27.95,0.0,30.0444,31.2357
2023-04-21,2.61,20.1,27.66,0.0,30.0444,31.2357
2023-04-22,3.5,21.81,30.73,0.0,30.0444,31.2357
2023-04-23,3.34,22.01,30.78,0.0,30.0444,31.2357
2023-04-24,3.59,22.62,31.9,0.0,30.0444,31.2357
2023-04-25,2.57,23.02,31.42,0.0,30.0444,31.2357
2023-04-26,2.46,24.3,32.61,0.0,30.0444,31.2357
2023-04-27,3.78,24.53,33.67,0.0,30.0444,31.2357
2023-04-28,3.73,20.37,27.36,0.0,30.0444,31.2357
2023-04-29,4.3,18.24,25.35,0.0,30.0444,31.2357
2023-04-30,2.74,18.54,26.16,0.0,30.0444,31.2357
2023-05-01,2.59,20.37,28.89,0.0,30.0444,31.2357
2023-05-02,3.54,22.05,31.47,0.24,30.0444,31.2357
2023-05-03,4.21,23.05,33.1,0.03,30.0444,31.2357
2023-05-04,3.33,26.12,36.93,0.15,30.0444,31.2357
2023-05-05,4.95,24.65,31.08,0.0,30.0444,31.2357
2023-05-06,3.95,22.82,30.02,0.0,30.0444,31.2357
2023-05-07,3.14,21.74,28.71,0.0,30.0444,31.2357
2023-05-08,2.75,21.61,28.54,0.0,30.0444,31.2357
2023-05-09,2.4,22.37,30.25,0.0,30.0444,31.2357
2023-05-10,2.63,24.09,33.32,0.0,30.0444,31.2357
2023-05-11,3.96,27.8,38.04,0.0,30.0444,31.2357
2023-05-12,4.6,24.63,32.93,0.05,30.0444,31.2357
2023-05-13,3.13,22.92,31.29,0.08,30.0444,31.2357
2023-05-14,3.33,23.38,32.91,0.07,30.0444,31.2357
2023-05-15,4.11,24.45,34.95,0.03,30.0444,31.2357
2023-05-16,2.06,26.92,37.7,0.01,30.0444,31.2357
2023-05-17,3.57,28.2,38.39,0.0,30.0444,31.2357
2023-05-18,3.86,23.11,31.28,0.0,30.0444,31.2357
2023-05-19,3.23,22.27,30.1,0.0,30.0444,31.2357
2023-05-20,2.5,23.8,32.23,0.0,30.0444,31.2357
2023-05-21,3.07,28.74,38.14,0.0,30.0444,31.2357
2023-05-22,4.64,25.93,33.76,0.0,30.0444,31.2357
2023-05-23,2.44,26.75,35.01,0.0,30.0444,31.2357
2023-05-24,2.97,26.76,34.53,0.0,30.0444,31.2357
2023-05-25,2.48,26.72,35.33,0.0,30.0444,31.2357
2023-05-26,3.29,27.04,34.15,0.0,30.0444,31.2357
2023-05-27,5.7,29.15,36.86,0.15,30.0444,31.2357
2023-05-28,4.8,26.87,33.33,0.0,30.0444,31.2357
2023-05-29,2.99,25.99,33.01,0.0,30.0444,31.2357
2023-05-30,3.0,27.66,34.81,0.0,30.0444,31.2357
2023-05-31,3.02,29.56,38.35,0.0,30.0444,31.2357
2023-06-01,5.08,31.35,41.87,0.38,30.0444,31.2357
2023-06-02,4.96,33.9,42.56,0.0,30.0444,31.2357
2023-06-03,3.27,28.56,36.21,0.0,30.0444,31.2357
2023-06-04,4.16,26.92,35.94,0.0,30.0444,31.2357
2023-06-05,3.91,26.21,34.78,0.0,30.0444,31.2357
2023-06-06,3.52,26.87,35.52,0.0,30.0444,31.2357
2023-06-07,3.05,29.98,38.35,0.01,30.0444,31.2357
2023-06-08,2.55,31.46,40.39,0.01,30.0444,31.2357
2023-06-09,4.83,31.49,39.14,0.0,30.0444,31.2357
2023-06-10,3.82,28.98,36.83,0.16,30.0444,31.2357
2023-06-11,2.84,28.96,36.47,0.0,30.0444,31.2357
2023-06-12,3.08,29.62,36.79,0.45,30.0444,31.2357
2023-06-13,3.07,31.59,40.47,0.03,30.0444,31.2357
2023-06-14,4.07,27.84,35.45,0.07,30.0444,31.2357
2023-06-15,3.27,28.31,36.76,0.0,30.0444,31.2357
2023-06-16,1.51,31.38,40.65,0.0,30.0444,31.2357
2023-06-17,3.57,30.02,37.63,0.0,30.0444,31.2357
2023-06-18,3.43,28.57,36.31,0.0,30.0444,31.2357
2023-06-19,3.51,26.74,34.07,0.0,30.0444,31.2357
2023-06-20,3.55,27.36,35.46,0.0,30.0444,31.2357
2023-06-21,3.81,28.37,36.8,0.0,30.0444,31.2357
2023-06-22,3.73,28.18,36.32,0.0,30.0444,31.2357
2023-06-23,3.25,29.92,38.88,0.0,30.0444,31.2357
2023-06-24,2.88,30.53,39.06,0.0,30.0444,31.2357
2023-06-25,3.61,29.34,38.23,0.0,30.0444,31.2357
2023-06-26,2.88,28.56,37.11,0.0,30.0444,31.2357
2023-06-27,3.29,29.48,37.82,0.0,30.0444,31.2357
2023-06-28,3.18,29.64,38.03,0.0,30.0444,31.2357
2023-06-29,3.53,29.47,37.59,0.0,30.0444,31.2357
2023-06-30,3.68,29.38,38.36,0.0,30.0444,31.2357
2023-07-01,4.56,29.33,38.4,0.0,30.0444,31.2357
2023-07-02,3.34,29.66,38.9,0.0,30.0444,31.2357
2023-07-03,2.89,31.39,41.27,0.0,30.0444,31.2357
2023-07-04,3.02,31.83,39.95,0.0,30.0444,31.2357
2023-07-05,3.37,29.06,36.9,0.0,30.0444,31.2357
2023-07-06,2.83,29.48,37.36,0.0,30.0444,31.2357
2023-07-07,3.57,30.43,38.88,0.0,30.0444,31.2357
2023-07-08,4.18,30.48,39.71,0.0,30.0444,31.2357
2023-07-09,4.79,29.39,38.33,0.0,30.0444,31.2357
2023-07-10,3.89,30.04,38.51,0.0,30.0444,31.2357
2023-07-11,4.09,30.42,38.53,0.0,30.0444,31.2357
2023-07-12,3.81,30.26,38.57,0.0,30.0444,31.2357
2023-07-13,3.13,30.57,40.54,0.0,30.0444,31.2357
2023-07-14,2.91,31.84,42.26,0.0,30.0444,31.2357
2023-07-15,2.4,31.9,40.94,0.0,30.0444,31.2357
2023-07-16,1.79,33.25,43.13,0.0,30.0444,31.2357
2023-07-17,2.43,33.51,42.13,0.0,30.0444,31.2357
2023-07-18,3.48,32.07,41.31,0.0,30.0444,31.2357
2023-07-19,2.75,31.27,40.07,0.0,30.0444,31.2357
2023-07-20,2.7,32.47,40.74,0.0,30.0444,31.2357
2023-07-21,2.91,31.99,40.23,0.0,30.0444,31.2357
2023-07-22,2.8,32.77,42.84,0.0,30.0444,31.2357
2023-07-23,3.18,33.87,43.25,0.0,30.0444,31.2357
2023-07-24,3.45,33.83,43.27,0.0,30.0444,31.2357
2023-07-25,3.02,32.68,41.57,0.0,30.0444,31.2357
2023-07-26,2.94,33.61,42.32,0.0,30.0444,31.2357
2023-07-27,2.77,34.96,43.54,0.0,30.0444,31.2357
2023-07-28,2.8,33.82,43.89,0.0,30.0444,31.2357
2023-07-29,3.96,30.65,39.8,0.0,30.0444,31.2357
2023-07-30,3.67,29.75,38.93,0.0,30.0444,31.2357
2023-07-31,2.66,30.41,39.59,0.0,30.0444,31.2357
2023-08-01,2.55,30.94,38.97,0.0,30.0444,31.2357
2023-08-02,2.68,31.95,40.27,0.0,30.0444,31.2357
2023-08-03,2.51,31.2,39.13,0.0,30.0444,31.2357
2023-08-04,2.91,31.43,40.7,0.0,30.0444,31.2357
2023-08-05,2.49,32.48,41.1,0.0,30.0444,31.2357
2023-08-06,2.34,35.05,43.53,0.0,30.0444,31.2357
2023-08-07,3.24,33.39,42.69,0.0,30.0444,31.2357
2023-08-08,3.39,30.71,38.66,0.0,30.0444,31.2357
2023-08-09,2.56,29.58,37.32,0.0,30.0444,31.2357
2023-08-10,3.33,30.09,38.57,0.0,30.0444,31.2357
2023-08-11,3.99,29.91,38.15,0.0,30.0444,31.2357
2023-08-12,4.39,29.92,38.63,0.0,30.0444,31.2357
2023-08-13,4.18,30.15,38.6,0.0,30.0444,31.2357
2023-08-14,3.92,30.05,38.87,0.0,30.0444,31.2357
2023-08-15,4.06,29.8,38.48,0.0,30.0444,31.2357
2023-08-16,4.24,29.71,38.45,0.0,30.0444,31.2357
2023-08-17,3.49,30.47,39.65,0.0,30.0444,31.2357
2023-08-18,2.43,30.68,38.72,0.0,30.0444,31.2357
2023-08-19,3.19,30.27,39.2,0.0,30.0444,31.2357
2023-08-20,3.2,29.8,38.4,0.0,30.0444,31.2357
2023-08-21,3.25,29.99,38.39,0.0,30.0444,31.2357
2023-08-22,3.0,30.2,39.1,0.0,30.0444,31.2357
2023-08-23,2.94,30.28,39.32,0.0,30.0444,31.2357
2023-08-24,3.31,30.28,40.87,0.0,30.0444,31.2357
2023-08-25,3.48,31.07,41.12,0.0,30.0444,31.2357
2023-08-26,3.68,31.7,41.22,0.0,30.0444,31.2357
2023-08-27,3.01,32.22,40.17,0.0,30.0444,31.2357
2023-08-28,2.93,30.87,38.45,0.0,30.0444,31.2357
2023-08-29,2.92,29.66,38.16,0.0,30.0444,31.2357
2023-08-30,2.49,30.83,40.37,0.0,30.0444,31.2357
2023-08-31,3.3,31.96,41.46,0.0,30.0444,31.2357
2023-09-01,3.87,30.02,38.37,0.0,30.0444,31.2357
2023-09-02,3.84,29.43,38.74,0.0,30.0444,31.2357
2023-09-03,3.41,28.91,36.59,0.0,30.0444,31.2357
2023-09-04,1.9,28.34,35.25,0.0,30.0444,31.2357
2023-09-05,1.8,30.44,38.06,0.0,30.0444,31.2357
2023-09-06,1.76,31.84,40.08,0.0,30.0444,31.2357
2023-09-07,1.74,34.25,43.49,0.0,30.0444,31.2357
2023-09-08,2.8,32.67,41.29,0.0,30.0444,31.2357
2023-09-09,2.47,31.68,39.25,0.0,30.0444,31.2357
2023-09-10,2.29,31.85,39.25,0.0,30.0444,31.2357
2023-09-11,3.86,31.78,38.66,0.0,30.0444,31.2357
2023-09-12,4.19,29.85,36.11,0.0,30.0444,31.2357
2023-09-13,3.94,28.97,35.84,0.0,30.0444,31.2357
2023-09-14,3.0,27.86,36.01,0.0,30.0444,31.2357
2023-09-15,3.04,28.17,36.44,0.0,30.0444,31.2357
2023-09-16,2.52,27.62,35.89,0.0,30.0444,31.2357
2023-09-17,2.72,29.01,38.58,0.0,30.0444,31.2357
2023-09-18,3.27,28.39,36.71,0.0,30.0444,31.2357
2023-09-19,2.74,27.76,35.18,0.0,30.0444,31.2357
2023-09-20,2.94,27.81,35.24,0.0,30.0444,31.2357
2023-09-21,2.94,28.66,36.73,0.0,30.0444,31.2357
2023-09-22,2.34,29.22,37.46,0.0,30.0444,31.2357
2023-09-23,2.6,28.54,37.38,0.0,30.0444,31.2357
2023-09-24,2.36,29.43,38.81,0.0,30.0444,31.2357
2023-09-25,1.93,29.03,38.0,0.0,30.0444,31.2357
2023-09-26,2.58,28.71,37.29,0.0,30.0444,31.2357
2023-09-27,2.79,29.32,38.7,0.0,30.0444,31.2357
2023-09-28,3.6,29.91,39.92,0.01,30.0444,31.2357
2023-09-29,3.35,29.91,38.61,0.02,30.0444,31.2357
2023-09-30,3.42,29.27,36.73,0.0,30.0444,31.2357
2023-10-01,3.11,26.59,30.7,0.0,30.0444,31.2357
2023-10-02,2.22,24.37,27.81,0.01,30.0444,31.2357
2023-10-03,2.46,25.42,32.14,0.0,30.0444,31.2357
2023-10-04,1.97,25.64,30.85,0.15,30.0444,31.2357
2023-10-05,3.3,27.29,34.64,0.0,30.0444,31.2357
2023-10-06,3.46,26.61,33.47,0.0,30.0444,31.2357
2023-10-07,2.9,25.66,32.05,0.0,30.0444,31.2357
2023-10-08,2.67,26.13,32.72,0.0,30.0444,31.2357
2023-10-09,3.36,26.46,33.31,0.0,30.0444,31.2357
2023-10-10,3.22,24.93,31.52,0.0,30.0444,31.2357
2023-10-11,2.99,24.74,31.98,0.0,30.0444,31.2357
2023-10-12,2.71,24.91,32.01,0.0,30.0444,31.2357
2023-10-13,3.01,25.34,31.9,0.03,30.0444,31.2357
2023-10-14,1.92,24.24,30.62,0.01,30.0444,31.2357
2023-10-15,2.38,24.0,30.23,0.0,30.0444,31.2357
2023-10-16,2.69,23.44,30.3,0.0,30.0444,31.2357
2023-10-17,2.24,23.66,30.05,0.0,30.0444,31.2357
2023-10-18,2.76,23.65,30.86,0.0,30.0444,31.2357
2023-10-19,2.3,24.12,31.74,0.0,30.0444,31.2357
2023-10-20,1.74,24.61,32.47,0.0,30.0444,31.2357
2023-10-21,2.65,23.89,31.18,0.0,30.0444,31.2357
2023-10-22,2.82,24.26,32.05,0.0,30.0444,31.2357
2023-10-23,3.04,24.86,32.75,0.0,30.0444,31.2357
2023-10-24,3.59,24.91,33.19,0.0,30.0444,31.2357
2023-10-25,3.23,25.61,34.59,0.0,30.0444,31.2357
2023-10-26,2.3,26.93,35.81,0.0,30.0444,31.2357
2023-10-27,1.73,25.8,33.16,0.0,30.0444,31.2357
2023-10-28,1.45,25.63,33.51,8.9,30.0444,31.2357
2023-10-29,2.22,25.28,32.06,11.9,30.0444,31.2357
2023-10-30,1.83,25.02,31.74,20.43,30.0444,31.2357
2023-10-31,2.14,24.02,30.03,11.63,30.0444,31.2357
2023-11-01,2.15,23.71,30.04,2.21,30.0444,31.2357
2023-11-02,2.27,22.83,29.56,2.1,30.0444,31.2357
2023-11-03,2.06,22.86,31.5,0.0,30.0444,31.2357
2023-11-04,1.87,23.23,31.87,0.0,30.0444,31.2357
2023-11-05,2.0,22.74,31.66,0.0,30.0444,31.2357
2023-11-06,1.66,22.6,31.79,0.0,30.0444,31.2357
2023-11-07,2.35,21.92,30.28,0.0,30.0444,31.2357
2023-11-08,2.42,21.69,29.01,0.0,30.0444,31.2357
2023-11-09,2.75,21.63,28.99,0.0,30.0444,31.2357
2023-11-10,3.04,21.35,28.11,0.0,30.0444,31.2357
2023-11-11,2.15,21.5,26.28,0.1,30.0444,31.2357
2023-11-12,1.36,23.0,29.04,0.33,30.0444,31.2357
2023-11-13,1.9,23.15,30.29,0.07,30.0444,31.2357
2023-11-14,3.49,20.88,26.27,0.05,30.0444,31.2357
2023-11-15,2.53,20.63,26.15,0.04,30.0444,31.2357
2023-11-16,1.36,20.03,26.18,0.02,30.0444,31.2357
2023-11-17,1.31,21.04,27.13,0.05,30.0444,31.2357
2023-11-18,2.23,20.35,26.76,0.0,30.0444,31.2357
2023-11-19,5.03,18.29,22.84,0.32,30.0444,31.2357
2023-11-20,2.77,16.95,21.89,0.04,30.0444,31.2357
2023-11-21,1.29,17.55,23.63,0.0,30.0444,31.2357
2023-11-22,1.95,16.53,24.31,0.17,30.0444,31.2357
2023-11-23,1.59,17.61,24.64,0.0,30.0444,31.2357
2023-11-24,1.88,17.48,24.91,0.0,30.0444,31.2357
2023-11-25,4.11,18.18,25.51,0.0,30.0444,31.2357
2023-11-26,4.31,16.29,23.01,0.0,30.0444,31.2357
2023-11-27,3.12,15.67,21.3,0.0,30.0444,31.2357
2023-11-28,1.78,15.09,20.64,0.0,30.0444,31.2357
2023-11-29,2.08,15.83,23.71,0.0,30.0444,31.2357
2023-11-30,1.97,16.93,24.69,0.01,30.0444,31.2357
2023-12-01,2.99,18.25,26.88,0.02,30.0444,31.2357
2023-12-02,3.95,17.62,24.61,0.0,30.0444,31.2357
2023-12-03,2.39,18.77,26.99,0.0,30.0444,31.2357
2023-12-04,1.53,18.48,25.71,0.0,30.0444,31.2357
2023-12-05,1.32,17.75,23.84,0.0,30.0444,31.2357
2023-12-06,1.89,16.18,22.69,0.0,30.0444,31.2357
2023-12-07,1.35,15.54,21.4,0.0,30.0444,31.2357
2023-12-08,1.95,14.77,20.27,0.0,30.0444,31.2357
2023-12-09,2.56,14.58,21.24,0.0,30.0444,31.2357
2023-12-10,1.68,15.84,23.33,0.0,30.0444,31.2357
2023-12-11,1.91,15.92,23.52,0.0,30.0444,31.2357
2023-12-12,2.1,14.16,21.6,0.74,30.0444,31.2357
2023-12-13,2.29,15.65,20.19,14.47,30.0444,31.2357
2023-12-14,0.75,17.1,22.42,1.6,30.0444,31.2357
2023-12-15,1.02,17.97,25.29,0.0,30.0444,31.2357
2023-12-16,2.07,17.22,24.84,0.0,30.0444,31.2357
2023-12-17,2.66,16.89,23.97,0.0,30.0444,31.2357
2023-12-18,3.46,17.93,23.43,0.0,30.0444,31.2357
2023-12-19,3.17,16.04,22.3,0.0,30.0444,31.2357
2023-12-20,1.55,14.51,19.38,0.0,30.0444,31.2357
2023-12-21,3.8,13.73,19.58,0.0,30.0444,31.2357
2023-12-22,4.28,13.45,20.0,0.0,30.0444,31.2357
2023-12-23,4.06,14.79,20.73,0.02,30.0444,31.2357
2023-12-24,2.26,16.3,21.74,0.17,30.0444,31.2357
2023-12-25,1.47,16.17,22.16,0.12,30.0444,31.2357
2023-12-26,2.84,15.73,22.09,0.02,30.0444,31.2357
2023-12-27,3.07,15.97,21.62,1.04,30.0444,31.2357
2023-12-28,3.33,16.3,21.23,5.97,30.0444,31.2357
2023-12-29,3.17,16.42,21.91,0.79,30.0444,31.2357
2023-12-30,2.28,16.1,22.57,0.5,30.0444,31.2357
2023-12-31,2.07,15.29,20.71,0.61,30.0444,31.2357
2024-01-01,1.56,14.91,20.61,0.01,30.0444,31.2357
2024-01-02,2.25,15.59,21.62,0.0,30.0444,31.2357
2024-01-03,1.51,14.39,20.92,0.0,30.0444,31.2357
2024-01-04,1.51,14.18,21.03,0.0,30.0444,31.2357
2024-01-05,1.23,13.86,21.08,0.0,30.0444,31.2357
2024-01-06,1.59,15.4,22.51,0.01,30.0444,31.2357
2024-01-07,2.52,14.6,22.89,0.0,30.0444,31.2357
2024-01-08,1.87,13.45,21.88,0.0,30.0444,31.2357
2024-01-09,2.1,10.95,19.41,0.0,30.0444,31.2357
2024-01-10,2.71,11.74,19.63,0.01,30.0444,31.2357
2024-01-11,2.3,13.03,17.77,0.29,30.0444,31.2357
2024-01-12,2.4,12.28,18.4,0.02,30.0444,31.2357
2024-01-13,3.58,12.1,19.96,0.02,30.0444,31.2357
2024-01-14,1.73,12.28,18.64,0.25,30.0444,31.2357
2024-01-15,1.4,11.71,18.77,0.01,30.0444,31.2357
2024-01-16,1.63,11.99,18.43,0.0,30.0444,31.2357
2024-01-17,1.38,13.8,21.06,0.0,30.0444,31.2357
2024-01-18,0.79,14.62,21.96,0.0,30.0444,31.2357
2024-01-19,0.99,15.49,22.6,0.0,30.0444,31.2357
2024-01-20,1.15,16.45,24.06,0.0,30.0444,31.2357
2024-01-21,2.61,16.35,25.25,0.0,30.0444,31.2357
2024-01-22,3.05,14.28,22.37,0.05,30.0444,31.2357
2024-01-23,2.94,14.53,19.56,0.08,30.0444,31.2357
2024-01-24,2.28,12.49,16.87,0.2,30.0444,31.2357
2024-01-25,2.13,11.91,16.22,0.52,30.0444,31.2357
2024-01-26,3.55,13.11,18.54,0.76,30.0444,31.2357
2024-01-27,2.78,13.18,18.44,0.4,30.0444,31.2357
2024-01-28,1.5,12.19,16.75,0.46,30.0444,31.2357
2024-01-29,2.72,11.17,17.25,0.71,30.0444,31.2357
2024-01-30,3.36,9.4,15.3,0.03,30.0444,31.2357
2024-01-31,2.61,8.49,15.78,42.54,30.0444,31.2357
2024-02-01,2.81,8.91,15.62,1.96,30.0444,31.2357
2024-02-02,2.37,10.76,14.33,31.46,30.0444,31.2357
2024-02-03,1.95,9.73,17.36,0.0,30.0444,31.2357
2024-02-04,1.59,10.23,16.93,0.25,30.0444,31.2357
2024-02-05,1.89,11.23,17.51,0.02,30.0444,31.2357
2024-02-06,1.6,12.53,20.27,0.02,30.0444,31.2357
2024-02-07,1.18,13.46,21.31,0.06,30.0444,31.2357
2024-02-08,1.63,13.08,21.62,0.01,30.0444,31.2357
2024-02-09,1.51,13.34,20.58,0.0,30.0444,31.2357
2024-02-10,1.39,13.56,20.81,0.0,30.0444,31.2357
2024-02-11,2.03,13.97,22.16,0.03,30.0444,31.2357
2024-02-12,2.53,14.13,20.69,0.0,30.0444,31.2357
2024-02-13,3.43,14.8,21.48,0.01,30.0444,31.2357
2024-02-14,2.19,12.68,18.88,0.04,30.0444,31.2357
2024-02-15,2.83,12.21,17.32,1.06,30.0444,31.2357
2024-02-16,3.49,12.35,18.7,0.27,30.0444,31.2357
2024-02-17,2.7,12.33,19.03,0.08,30.0444,31.2357
2024-02-18,1.73,13.42,19.27,0.03,30.0444,31.2357
2024-02-19,2.39,12.78,19.89,0.03,30.0444,31.2357
2024-02-20,1.49,12.98,19.97,0.0,30.0444,31.2357
2024-02-21,2.32,13.63,20.66,0.01,30.0444,31.2357
2024-02-22,2.67,13.38,21.67,0.02,30.0444,31.2357
2024-02-23,2.55,13.22,18.53,0.1,30.0444,31.2357
2024-02-24,2.27,15.37,23.48,0.16,30.0444,31.2357
2024-02-25,1.8,14.86,23.13,0.04,30.0444,31.2357
2024-02-26,2.24,15.96,25.0,0.0,30.0444,31.2357
2024-02-27,2.56,14.49,21.3,0.0,30.0444,31.2357
2024-02-28,2.57,15.25,23.62,0.0,30.0444,31.2357
2024-02-29,2.3,17.37,27.83,0.0,30.0444,31.2357
2024-03-01,2.06,20.73,29.12,0.0,30.0444,31.2357
2024-03-02,2.92,16.1,24.27,0.0,30.0444,31.2357
2024-03-03,2.25,14.82,22.32,0.0,30.0444,31.2357
2024-03-04,1.54,14.9,22.86,0.0,30.0444,31.2357
2024-03-05,1.44,17.41,26.7,0.0,30.0444,31.2357
2024-03-06,2.55,15.62,23.2,0.0,30.0444,31.2357
2024-03-07,1.97,15.14,22.26,0.0,30.0444,31.2357
2024-03-08,2.04,15.03,22.75,0.0,30.0444,31.2357
2024-03-09,1.97,14.94,22.51,0.0,30.0444,31.2357
2024-03-10,3.07,14.99,23.19,0.0,30.0444,31.2357
2024-03-11,2.89,14.9,24.29,0.0,30.0444,31.2357
2024-03-12,1.8,17.2,28.72,0.0,30.0444,31.2357
2024-03-13,1.78,16.93,26.19,0.0,30.0444,31.2357
2024-03-14,2.1,15.97,24.0,0.0,30.0444,31.2357
2024-03-15,1.91,15.47,23.32,0.0,30.0444,31.2357
2024-03-16,2.34,15.85,22.35,0.0,30.0444,31.2357
2024-03-17,3.57,17.25,25.94,0.0,30.0444,31.2357
2024-03-18,3.23,14.67,20.36,1.25,30.0444,31.2357
2024-03-19,3.39,14.74,21.8,0.07,30.0444,31.2357
2024-03-20,2.44,16.98,24.84,0.0,30.0444,31.2357
2024-03-21,3.38,17.32,26.33,0.05,30.0444,31.2357
2024-03-22,2.69,14.22,22.37,0.0,30.0444,31.2357
2024-03-23,1.91,14.78,22.19,0.0,30.0444,31.2357
2024-03-24,2.47,12.81,16.03,4.02,30.0444,31.2357
2024-03-25,1.83,14.32,22.21,0.0,30.0444,31.2357
2024-03-26,1.87,18.49,26.99,0.0,30.0444,31.2357
2024-03-27,1.68,22.76,31.21,0.0,30.0444,31.2357
2024-03-28,2.1,21.3,28.65,0.02,30.0444,31.2357
2024-03-29,2.78,20.15,27.2,0.53,30.0444,31.2357
2024-03-30,2.81,20.48,30.09,0.38,30.0444,31.2357
2024-03-31,3.69,23.09,32.58,0.05,30.0444,31.2357
2024-04-01,3.7,23.84,32.73,0.0,30.0444,31.2357
2024-04-02,3.41,22.82,32.67,0.0,30.0444,31.2357
2024-04-03,2.3,22.2,32.45,0.0,30.0444,31.2357
2024-04-04,2.32,22.63,32.92,0.0,30.0444,31.2357
2024-04-05,2.65,20.62,30.44,0.0,30.0444,31.2357
2024-04-06,3.06,18.76,27.86,0.0,30.0444,31.2357
2024-04-07,3.31,18.49,26.66,0.06,30.0444,31.2357
2024-04-08,2.5,18.24,24.9,0.3,30.0444,31.2357
2024-04-09,3.15,17.99,24.71,0.08,30.0444,31.2357
2024-04-10,2.02,18.76,26.14,0.0,30.0444,31.2357
2024-04-11,1.81,20.5,28.57,0.0,30.0444,31.2357
2024-04-12,2.27,20.64,29.07,0.01,30.0444,31.2357
2024-04-13,2.96,21.1,30.06,0.19,30.0444,31.2357
2024-04-14,3.33,21.31,30.02,0.36,30.0444,31.2357
2024-04-15,3.52,21.88,30.58,0.22,30.0444,31.2357
2024-04-16,2.61,22.26,31.49,0.0,30.0444,31.2357
2024-04-17,3.23,26.22,36.71,0.0,30.0444,31.2357
2024-04-18,2.54,23.59,30.68,0.0,30.0444,31.2357
2024-04-19,2.16,21.82,29.9,0.0,30.0444,31.2357
2024-04-20,3.16,23.13,33.74,0.0,30.0444,31.2357
2024-04-21,2.54,21.49,30.31,0.0,30.0444,31.2357
2024-04-22,3.64,23.21,33.46,0.0,30.0444,31.2357
2024-04-23,3.66,27.56,37.98,0.0,30.0444,31.2357
2024-04-24,1.97,30.84,41.63,0.0,30.0444,31.2357
2024-04-25,2.69,26.74,33.86,0.0,30.0444,31.2357
2024-04-26,4.46,23.36,31.39,0.0,30.0444,31.2357
2024-04-27,3.71,22.46,31.31,0.0,30.0444,31.2357
2024-04-28,3.53,22.62,32.39,0.0,30.0444,31.2357
2024-04-29,3.46,21.91,31.36,0.0,30.0444,31.2357
2024-04-30,3.64,21.97,31.2,0.0,30.0444,31.2357
2024-05-01,3.55,23.74,32.39,0.0,30.0444,31.2357
2024-05-02,2.99,23.3,32.19,0.0,30.0444,31.2357
2024-05-03,3.29,24.42,33.11,0.0,30.0444,31.2357
2024-05-04,3.21,23.28,32.12,0.0,30.0444,31.2357
2024-05-05,3.75,21.57,28.6,0.0,30.0444,31.2357
2024-05-06,3.36,20.95,28.39,0.0,30.0444,31.2357
2024-05-07,2.31,21.14,29.5,0.0,30.0444,31.2357
2024-05-08,2.82,22.35,31.3,0.0,30.0444,31.2357
2024-05-09,1.58,26.75,36.78,0.0,30.0444,31.2357
2024-05-10,3.36,28.19,37.29,0.0,30.0444,31.2357
2024-05-11,3.22,24.41,31.78,0.0,30.0444,31.2357
2024-05-12,3.68,22.91,30.22,0.0,30.0444,31.2357
2024-05-13,3.75,21.43,29.23,0.0,30.0444,31.2357
2024-05-14,3.51,22.06,30.68,0.0,30.0444,31.2357
2024-05-15,3.58,22.86,31.68,0.0,30.0444,31.2357
2024-05-16,3.65,24.86,34.39,0.0,30.0444,31.2357
2024-05-17,3.66,27.85,37.53,0.0,30.0444,31.2357
2024-05-18,2.86,31.17,40.82,0.0,30.0444,31.2357
2024-05-19,2.81,30.74,39.27,0.0,30.0444,31.2357
2024-05-20,3.28,32.68,42.58,0.0,30.0444,31.2357
2024-05-21,2.69,30.81,39.82,0.0,30.0444,31.2357
2024-05-22,2.92,31.13,40.47,0.0,30.0444,31.2357
2024-05-23,3.17,31.1,40.54,0.0,30.0444,31.2357
2024-05-24,3.83,25.73,34.19,0.0,30.0444,31.2357
2024-05-25,3.62,25.38,34.31,1.16,30.0444,31.2357
2024-05-26,1.62,28.81,37.72,0.0,30.0444,31.2357
2024-05-27,4.34,28.22,34.74,0.0,30.0444,31.2357
2024-05-28,3.23,25.66,33.62,0.0,30.0444,31.2357
2024-05-29,2.96,24.96,32.39,0.0,30.0444,31.2357
2024-05-30,2.94,25.16,32.5,0.0,30.0444,31.2357
2024-05-31,3.55,27.75,36.45,0.0,30.0444,31.2357
2024-06-01,3.1,30.5,39.07,0.0,30.0444,31.2357
2024-06-02,4.02,29.89,39.09,0.0,30.0444,31.2357
2024-06-03,3.52,28.92,39.19,0.0,30.0444,31.2357
2024-06-04,3.22,30.07,41.01,0.0,30.0444,31.2357
2024-06-05,3.04,31.25,42.33,0.0,30.0444,31.2357
2024-06-06,3.49,32.85,43.66,0.0,30.0444,31.2357
2024-06-07,2.36,33.93,44.09,0.0,30.0444,31.2357
2024-06-08,3.84,31.16,40.87,0.0,30.0444,31.2357
2024-06-09,3.66,28.86,37.54,0.0,30.0444,31.2357
2024-06-10,2.78,29.84,38.7,0.0,30.0444,31.2357
2024-06-11,2.94,30.23,38.93,0.0,30.0444,31.2357
2024-06-12,3.41,30.81,40.5,0.0,30.0444,31.2357
2024-06-13,4.14,32.61,43.26,0.0,30.0444,31.2357
2024-06-14,3.43,34.73,45.49,0.0,30.0444,31.2357
2024-06-15,3.59,34.82,45.27,0.0,30.0444,31.2357
2024-06-16,3.56,31.85,41.24,0.0,30.0444,31.2357
2024-06-17,3.11,29.77,37.9,0.0,30.0444,31.2357
2024-06-18,3.45,29.98,39.28,0.0,30.0444,31.2357
2024-06-19,3.22,30.07,39.89,0.0,30.0444,31.2357
2024-06-20,2.69,30.53,39.32,0.02,30.0444,31.2357
2024-06-21,2.92,31.65,39.74,0.01,30.0444,31.2357
2024-06-22,3.31,31.75,39.66,0.0,30.0444,31.2357
2024-06-23,3.07,32.16,41.16,0.0,30.0444,31.2357
2024-06-24,2.64,32.31,40.99,0.0,30.0444,31.2357
2024-06-25,3.19,31.91,40.06,0.0,30.0444,31.2357
2024-06-26,3.37,30.47,39.87,0.0,30.0444,31.2357
2024-06-27,3.07,31.53,42.28,0.0,30.0444,31.2357
2024-06-28,3.44,31.09,41.35,0.0,30.0444,31.2357
2024-06-29,3.73,29.95,38.19,0.0,30.0444,31.2357
2024-06-30,3.23,30.03,37.5,0.0,30.0444,31.2357
2024-07-01,3.62,30.86,39.27,0.0,30.0444,31.2357
2024-07-02,2.55,29.94,38.52,0.0,30.0444,31.2357
2024-07-03,1.47,31.16,39.36,0.0,30.0444,31.2357
2024-07-04,2.37,33.35,42.42,0.0,30.0444,31.2357
2024-07-05,3.9,31.48,39.27,0.0,30.0444,31.2357
2024-07-06,3.84,29.89,36.77,0.0,30.0444,31.2357
2024-07-07,3.71,30.53,38.94,0.0,30.0444,31.2357
2024-07-08,3.0,31.26,39.23,0.0,30.0444,31.2357
2024-07-09,2.74,32.45,40.64,0.0,30.0444,31.2357
2024-07-10,2.26,33.3,40.88,0.0,30.0444,31.2357
2024-07-11,2.64,34.1,41.61,0.0,30.0444,31.2357
2024-07-12,2.99,34.97,43.58,0.0,30.0444,31.2357
2024-07-13,3.36,32.63,40.22,0.0,30.0444,31.2357
2024-07-14,3.52,31.04,38.25,0.0,30.0444,31.2357
2024-07-15,3.25,31.13,39.1,0.0,30.0444,31.2357
2024-07-16,2.58,30.85,39.0,0.0,30.0444,31.2357
2024-07-17,2.54,31.3,39.67,0.0,30.0444,31.2357
2024-07-18,2.54,31.03,39.51,0.0,30.0444,31.2357
2024-07-19,2.6,31.56,40.09,0.0,30.0444,31.2357
2024-07-20,2.6,33.0,41.09,0.0,30.0444,31.2357
2024-07-21,2.63,33.57,41.75,0.0,30.0444,31.2357
2024-07-22,2.75,33.16,41.32,0.0,30.0444,31.2357
2024-07-23,3.08,32.41,40.75,0.0,30.0444,31.2357
2024-07-24,2.94,31.59,40.49,0.0,30.0444,31.2357
2024-07-25,2.77,33.82,42.63,0.0,30.0444,31.2357
2024-07-26,3.92,31.39,38.93,0.0,30.0444,31.2357
2024-07-27,3.13,30.53,38.56,0.0,30.0444,31.2357
2024-07-28,2.54,31.76,39.93,0.0,30.0444,31.2357
2024-07-29,2.94,31.54,39.25,0.0,30.0444,31.2357
2024-07-30,2.78,31.08,39.19,0.0,30.0444,31.2357
2024-07-31,2.26,31.83,39.93,0.0,30.0444,31.2357
2024-08-01,2.93,31.41,39.54,0.0,30.0444,31.2357
2024-08-02,2.69,31.21,38.76,0.0,30.0444,31.2357
2024-08-03,2.79,31.29,38.91,0.0,30.0444,31.2357
2024-08-04,2.73,31.0,38.88,0.01,30.0444,31.2357
2024-08-05,2.2,30.45,38.88,0.0,30.0444,31.2357
2024-08-06,2.47,30.76,39.29,0.0,30.0444,31.2357
2024-08-07,2.79,31.26,39.76,1.77,30.0444,31.2357
2024-08-08,2.48,31.44,39.75,0.0,30.0444,31.2357
2024-08-09,2.5,31.53,40.0,0.0,30.0444,31.2357
2024-08-10,3.0,31.08,39.93,0.0,30.0444,31.2357
2024-08-11,3.48,30.76,40.01,0.0,30.0444,31.2357
2024-08-12,2.67,30.54,38.73,0.0,30.0444,31.2357
2024-08-13,2.63,30.82,38.34,0.0,30.0444,31.2357
2024-08-14,3.24,30.6,39.19,0.0,30.0444,31.2357
2024-08-15,3.17,30.82,40.1,0.0,30.0444,31.2357
2024-08-16,3.49,30.44,39.37,0.0,30.0444,31.2357
2024-08-17,3.42,31.58,40.85,0.0,30.0444,31.2357
2024-08-18,2.46,30.8,39.57,0.0,30.0444,31.2357
2024-08-19,2.09,31.01,39.16,0.0,30.0444,31.2357
2024-08-20,2.62,30.97,40.71,0.0,30.0444,31.2357
2024-08-21,3.04,31.05,40.56,0.0,30.0444,31.2357
2024-08-22,3.18,31.27,39.35,0.0,30.0444,31.2357
2024-08-23,2.82,31.26,38.94,0.0,30.0444,31.2357
2024-08-24,2.98,30.71,38.39,0.0,30.0444,31.2357
2024-08-25,2.5,31.3,39.46,0.0,30.0444,31.2357
2024-08-26,2.42,32.17,40.4,0.0,30.0444,31.2357
2024-08-27,2.83,31.64,39.11,0.0,30.0444,31.2357
2024-08-28,3.07,31.11,39.41,0.0,30.0444,31.2357
2024-08-29,3.27,30.65,38.6,0.0,30.0444,31.2357
2024-08-30,3.12,29.95,38.27,0.0,30.0444,31.2357
2024-08-31,2.9,30.07,37.94,0.0,30.0444,31.2357
2024-09-01,2.72,29.99,37.51,0.0,30.0444,31.2357
2024-09-02,2.79,31.18,38.54,0.0,30.0444,31.2357
2024-09-03,3.13,30.85,37.79,0.0,30.0444,31.2357
2024-09-04,3.15,29.32,36.55,0.0,30.0444,31.2357
2024-09-05,3.0,29.2,36.57,0.0,30.0444,31.2357
2024-09-06,2.88,29.56,36.65,0.0,30.0444,31.2357
2024-09-07,2.4,30.15,37.45,0.0,30.0444,31.2357
2024-09-08,2.73,30.4,38.25,0.0,30.0444,31.2357
2024-09-09,2.41,29.51,36.71,0.0,30.0444,31.2357
2024-09-10,1.85,30.22,37.83,0.0,30.0444,31.2357
2024-09-11,1.67,32.35,40.26,0.0,30.0444,31.2357
2024-09-12,3.04,33.0,41.94,0.0,30.0444,31.2357
2024-09-13,3.93,29.93,37.31,0.0,30.0444,31.2357
2024-09-14,3.55,28.28,36.95,0.0,30.0444,31.2357
2024-09-15,3.46,28.87,37.18,0.0,30.0444,31.2357
2024-09-16,3.08,28.58,35.57,0.0,30.0444,31.2357
2024-09-17,2.6,28.48,35.37,0.0,30.0444,31.2357
2024-09-18,2.88,27.62,35.45,0.0,30.0444,31.2357
2024-09-19,2.31,29.88,38.46,0.0,30.0444,31.2357
2024-09-20,3.88,32.23,40.91,0.0,30.0444,31.2357
2024-09-21,3.08,27.92,34.14,0.0,30.0444,31.2357
2024-09-22,3.02,26.98,33.59,0.0,30.0444,31.2357
2024-09-23,2.94,26.34,33.29,0.0,30.0444,31.2357
2024-09-24,3.12,26.06,34.04,0.0,30.0444,31.2357
2024-09-25,3.83,26.24,34.26,0.0,30.0444,31.2357
2024-09-26,3.26,26.46,34.7,0.0,30.0444,31.2357
2024-09-27,2.56,26.6,35.02,0.0,30.0444,31.2357
2024-09-28,2.52,26.8,34.94,0.0,30.0444,31.2357
2024-09-29,2.93,26.24,34.3,0.0,30.0444,31.2357
2024-09-30,2.71,26.16,34.25,0.0,30.0444,31.2357
2024-10-01,2.98,25.69,32.56,0.0,30.0444,31.2357
2024-10-02,2.37,24.6,31.64,0.0,30.0444,31.2357
2024-10-03,2.59,24.52,32.02,0.0,30.0444,31.2357
2024-10-04,2.72,24.09,31.99,0.0,30.0444,31.2357
2024-10-05,2.77,24.23,32.43,0.0,30.0444,31.2357
2024-10-06,2.63,23.93,32.26,0.0,30.0444,31.2357
2024-10-07,2.69,25.11,34.34,0.0,30.0444,31.2357
2024-10-08,2.13,26.6,35.59,0.0,30.0444,31.2357
2024-10-09,2.7,27.18,35.46,0.0,30.0444,31.2357
2024-10-10,2.72,25.77,33.69,0.0,30.0444,31.2357
2024-10-11,2.01,25.69,34.52,0.0,30.0444,31.2357
2024-10-12,2.37,26.6,34.75,0.0,30.0444,31.2357
2024-10-13,2.44,26.61,35.71,0.0,30.0444,31.2357
2024-10-14,2.55,26.27,33.48,0.0,30.0444,31.2357
2024-10-15,2.43,25.07,31.51,0.0,30.0444,31.2357
2024-10-16,2.34,24.45,30.88,0.0,30.0444,31.2357
2024-10-17,2.51,24.62,31.02,0.0,30.0444,31.2357
2024-10-18,2.83,24.35,31.63,0.0,30.0444,31.2357
2024-10-19,2.49,23.27,30.47,0.0,30.0444,31.2357
2024-10-20,4.38,22.98,30.98,0.0,30.0444,31.2357
2024-10-21,4.73,23.25,31.28,0.0,30.0444,31.2357
2024-10-22,4.92,22.1,29.4,0.0,30.0444,31.2357
2024-10-23,5.38,21.43,28.46,0.0,30.0444,31.2357
2024-10-24,4.94,21.07,28.73,0.0,30.0444,31.2357
2024-10-25,4.07,20.75,29.18,0.0,30.0444,31.2357
2024-10-26,3.61,21.46,29.78,0.0,30.0444,31.2357
2024-10-27,3.91,22.44,30.87,0.0,30.0444,31.2357
2024-10-28,3.63,22.17,30.67,0.0,30.0444,31.2357
2024-10-29,3.18,21.07,28.08,0.0,30.0444,31.2357
2024-10-30,2.05,19.82,26.72,0.0,30.0444,31.2357
2024-10-31,2.15,19.37,26.38,0.0,30.0444,31.2357
2024-11-01,1.95,20.19,26.91,0.0,30.0444,31.2357
2024-11-02,2.01,20.17,26.99,0.01,30.0444,31.2357
2024-11-03,1.86,20.78,26.89,0.0,30.0444,31.2357
2024-11-04,2.43,21.06,27.17,0.0,30.0444,31.2357
2024-11-05,2.0,19.57,26.21,0.0,30.0444,31.2357
2024-11-06,2.88,20.62,28.06,0.0,30.0444,31.2357
2024-11-07,4.05,22.18,29.95,0.04,30.0444,31.2357
2024-11-08,3.35,21.47,28.3,0.12,30.0444,31.2357
2024-11-09,2.29,20.48,27.0,0.14,30.0444,31.2357
2024-11-10,2.99,18.57,24.07,0.01,30.0444,31.2357
2024-11-11,1.88,17.95,24.31,0.0,30.0444,31.2357
2024-11-12,2.73,18.95,26.21,0.0,30.0444,31.2357
2024-11-13,3.8,19.93,27.05,0.0,30.0444,31.2357
2024-11-14,3.24,19.34,26.75,0.0,30.0444,31.2357
2024-11-15,3.5,20.12,27.3,0.0,30.0444,31.2357
2024-11-16,1.68,19.07,26.88,0.0,30.0444,31.2357
2024-11-17,2.47,18.48,25.59,0.0,30.0444,31.2357
2024-11-18,2.43,17.99,24.56,0.23,30.0444,31.2357
2024-11-19,2.19,18.15,25.14,0.19,30.0444,31.2357
2024-11-20,1.77,18.67,25.57,0.03,30.0444,31.2357
2024-11-21,1.12,18.74,25.18,0.0,30.0444,31.2357
2024-11-22,1.47,20.13,28.43,0.0,30.0444,31.2357
2024-11-23,2.08,19.04,27.05,0.09,30.0444,31.2357
2024-11-24,4.02,16.81,22.88,0.49,30.0444,31.2357
2024-11-25,3.67,15.55,19.91,0.05,30.0444,31.2357
2024-11-26,2.81,14.44,19.49,0.15,30.0444,31.2357
2024-11-27,1.5,15.07,21.27,0.08,30.0444,31.2357
2024-11-28,1.67,15.64,22.8,0.0,30.0444,31.2357
2024-11-29,1.99,15.75,22.78,0.0,30.0444,31.2357
2024-11-30,2.8,15.65,23.03,0.1,30.0444,31.2357
2024-12-01,3.23,15.42,23.38,0.13,30.0444,31.2357
2024-12-02,2.62,15.41,22.97,0.02,30.0444,31.2357
2024-12-03,1.62,15.35,22.51,0.0,30.0444,31.2357
2024-12-04,2.08,14.98,22.19,0.0,30.0444,31.2357
2024-12-05,1.54,15.8,22.59,0.0,30.0444,31.2357
2024-12-06,1.5,16.51,23.79,0.0,30.0444,31.2357
2024-12-07,1.15,17.25,23.75,0.0,30.0444,31.2357
2024-12-08,1.63,16.27,23.7,0.0,30.0444,31.2357
2024-12-09,1.41,16.27,24.61,0.0,30.0444,31.2357
2024-12-10,2.5,15.47,24.1,0.0,30.0444,31.2357
2024-12-11,2.17,15.45,23.65,0.0,30.0444,31.2357
2024-12-12,3.07,16.23,21.22,0.03,30.0444,31.2357
2024-12-13,3.33,15.19,22.38,0.01,30.0444,31.2357
2024-12-14,3.26,15.0,21.8,0.0,30.0444,31.2357
2024-12-15,2.64,13.66,21.75,0.0,30.0444,31.2357
2024-12-16,2.16,13.63,21.79,0.0,30.0444,31.2357
2024-12-17,2.38,14.35,21.6,0.04,30.0444,31.2357
2024-12-18,2.54,14.47,22.06,0.03,30.0444,31.2357
2024-12-19,2.77,14.81,21.44,0.15,30.0444,31.2357
2024-12-20,2.84,14.26,21.04,0.1,30.0444,31.2357
2024-12-21,1.78,14.38,21.82,0.0,30.0444,31.2357
2024-12-22,1.22,14.5,21.75,0.0,30.0444,31.2357
2024-12-23,2.83,13.61,20.9,0.0,30.0444,31.2357
2024-12-24,2.67,12.13,19.76,0.0,30.0444,31.2357
2024-12-25,4.26,12.78,20.55,0.0,30.0444,31.2357
2024-12-26,2.7,9.92,15.32,0.0,30.0444,31.2357
2024-12-27,4.0,10.05,16.6,0.0,30.0444,31.2357
2024-12-28,3.43,11.4,18.75,0.0,30.0444,31.2357
2024-12-29,2.97,12.28,19.13,0.01,30.0444,31.2357
2024-12-30,2.55,12.29,17.75,0.13,30.0444,31.2357
2024-12-31,2.73,12.22,18.72,0.13,30.0444,31.2357
2025-01-01,2.13,12.9,20.31,0.01,30.0444,31.2357
2025-01-02,2.9,12.6,19.98,0.03,30.0444,31.2357
2025-01-03,2.87,13.11,20.53,0.02,30.0444,31.2357
2025-01-04,1.8,14.43,22.02,0.0,30.0444,31.2357
2025-01-05,3.03,14.36,20.33,0.01,30.0444,31.2357
2025-01-06,3.27,15.63,21.21,0.1,30.0444,31.2357
2025-01-07,2.21,14.82,21.55,0.06,30.0444,31.2357
2025-01-08,1.64,14.27,23.05,0.0,30.0444,31.2357
2025-01-09,1.63,14.94,22.65,0.0,30.0444,31.2357
2025-01-10,2.19,13.7,20.54,0.03,30.0444,31.2357
2025-01-11,2.18,13.96,21.11,0.01,30.0444,31.2357
2025-01-12,0.97,15.06,22.21,0.0,30.0444,31.2357
2025-01-13,1.09,15.69,24.04,0.0,30.0444,31.2357
2025-01-14,0.91,15.88,22.64,0.0,30.0444,31.2357
2025-01-15,1.59,14.95,22.18,0.0,30.0444,31.2357
2025-01-16,3.52,15.77,23.37,0.0,30.0444,31.2357
2025-01-17,3.61,15.77,21.85,0.0,30.0444,31.2357
2025-01-18,3.49,15.02,22.4,0.0,30.0444,31.2357
2025-01-19,2.2,13.52,19.12,0.0,30.0444,31.2357
2025-01-20,1.72,14.37,21.49,0.0,30.0444,31.2357
2025-01-21,2.02,16.06,24.82,0.03,30.0444,31.2357
2025-01-22,1.98,15.89,22.12,0.02,30.0444,31.2357
2025-01-23,2.13,14.48,20.83,0.0,30.0444,31.2357
2025-01-24,1.52,14.38,21.77,0.0,30.0444,31.2357
2025-01-25,1.54,14.69,22.49,0.0,30.0444,31.2357
2025-01-26,1.66,15.01,22.59,0.0,30.0444,31.2357
2025-01-27,2.1,14.43,21.69,0.03,30.0444,31.2357
2025-01-28,3.04,14.89,20.88,0.08,30.0444,31.2357
2025-01-29,2.81,14.47,22.2,0.0,30.0444,31.2357
2025-01-30,2.1,14.99,23.99,0.03,30.0444,31.2357
2025-01-31,2.42,14.1,21.95,0.0,30.0444,31.2357
2025-02-01,2.38,13.49,20.72,0.0,30.0444,31.2357
2025-02-02,2.61,13.94,22.08,0.0,30.0444,31.2357
2025-02-03,1.89,15.59,23.76,0.0,30.0444,31.2357
2025-02-04,1.96,14.26,21.79,0.0,30.0444,31.2357
2025-02-05,3.69,14.29,20.58,0.1,30.0444,31.2357
2025-02-06,4.79,13.15,18.3,0.02,30.0444,31.2357
2025-02-07,2.6,12.76,19.4,0.09,30.0444,31.2357
2025-02-08,1.85,11.55,18.32,0.06,30.0444,31.2357
2025-02-09,2.16,11.13,16.27,0.13,30.0444,31.2357
2025-02-10,2.36,11.98,18.51,0.02,30.0444,31.2357
2025-02-11,2.76,11.83,19.14,0.0,30.0444,31.2357
2025-02-12,3.0,11.61,18.86,0.0,30.0444,31.2357
2025-02-13,2.89,11.25,19.01,0.0,30.0444,31.2357
2025-02-14,2.95,11.91,20.44,0.0,30.0444,31.2357
2025-02-15,2.37,12.87,22.14,0.01,30.0444,31.2357
2025-02-16,1.56,13.6,21.97,0.0,30.0444,31.2357
2025-02-17,2.15,14.76,22.77,0.0,30.0444,31.2357
2025-02-18,2.05,14.49,23.31,0.0,30.0444,31.2357
2025-02-19,2.2,15.02,22.49,0.0,30.0444,31.2357
2025-02-20,2.76,12.9,18.97,0.37,30.0444,31.2357
2025-02-21,2.59,11.96,18.48,0.01,30.0444,31.2357
2025-02-22,3.3,11.33,17.94,0.01,30.0444,31.2357
2025-02-23,3.64,10.28,17.45,0.0,30.0444,31.2357
2025-02-24,2.82,9.27,15.36,0.17,30.0444,31.2357
2025-02-25,2.96,9.57,16.49,0.0,30.0444,31.2357
2025-02-26,2.98,11.61,18.47,0.0,30.0444,31.2357
2025-02-27,3.06,12.64,21.38,0.0,30.0444,31.2357
2025-02-28,2.16,13.12,21.53,0.0,30.0444,31.2357
2025-03-01,2.08,13.84,21.56,0.0,30.0444,31.2357
2025-03-02,2.62,14.54,23.4,1.0,30.0444,31.2357
2025-03-03,1.99,14.46,21.56,0.75,30.0444,31.2357
2025-03-04,2.36,14.23,20.46,2.09,30.0444,31.2357
2025-03-05,2.05,13.99,20.8,13.86,30.0444,31.2357
2025-03-06,1.65,14.34,20.54,14.4,30.0444,31.2357
2025-03-07,1.91,15.05,22.61,0.01,30.0444,31.2357
2025-03-08,1.53,15.7,23.53,0.01,30.0444,31.2357
2025-03-09,1.67,16.67,24.62,0.0,30.0444,31.2357
2025-03-10,2.39,17.53,25.82,0.0,30.0444,31.2357
2025-03-11,2.51,17.31,26.18,0.0,30.0444,31.2357
2025-03-12,2.28,18.33,29.22,0.0,30.0444,31.2357
2025-03-13,1.38,21.78,31.84,0.0,30.0444,31.2357
2025-03-14,1.95,23.69,32.91,0.0,30.0444,31.2357
2025-03-15,3.18,21.09,31.5,0.0,30.0444,31.2357
2025-03-16,2.75,22.97,34.68,0.0,30.0444,31.2357
2025-03-17,1.6,24.55,34.75,0.0,30.0444,31.2357
2025-03-18,2.89,20.86,29.51,0.04,30.0444,31.2357
2025-03-19,3.59,17.33,25.52,0.02,30.0444,31.2357
2025-03-20,5.12,14.24,20.59,0.01,30.0444,31.2357
2025-03-21,3.38,13.78,20.26,0.09,30.0444,31.2357
2025-03-22,2.64,13.93,20.67,0.01,30.0444,31.2357
2025-03-23,3.1,14.96,23.75,0.0,30.0444,31.2357
2025-03-24,4.33,16.88,26.94,0.0,30.0444,31.2357
2025-03-25,4.23,20.22,31.22,0.0,30.0444,31.2357
2025-03-26,3.21,22.57,33.84,0.0,30.0444,31.2357
2025-03-27,2.35,26.39,35.59,0.0,30.0444,31.2357
2025-03-28,3.63,23.12,32.76,0.0,30.0444,31.2357
2025-03-29,2.44,18.14,25.72,0.0,30.0444,31.2357
2025-03-30,1.6,20.09,27.46,0.0,30.0444,31.2357
2025-03-31,3.0,22.59,31.06,0.0,30.0444,31.2357
2025-04-01,2.89,21.63,28.34,0.0,30.0444,31.2357
2025-04-02,2.51,19.68,28.26,0.0,30.0444,31.2357
2025-04-03,2.56,19.72,28.04,0.0,30.0444,31.2357
2025-04-04,2.24,18.37,25.8,0.0,30.0444,31.2357
2025-04-05,1.76,20.59,29.31,0.0,30.0444,31.2357
2025-04-06,3.43,22.38,31.05,0.0,30.0444,31.2357
2025-04-07,1.45,22.21,29.74,0.01,30.0444,31.2357
2025-04-08,4.35,26.23,36.74,0.0,30.0444,31.2357
2025-04-09,4.15,20.84,28.42,0.18,30.0444,31.2357
2025-04-10,4.18,16.9,23.14,0.38,30.0444,31.2357
2025-04-11,3.28,15.29,22.2,0.02,30.0444,31.2357
2025-04-12,2.12,16.99,24.52,0.0,30.0444,31.2357
2025-04-13,3.28,16.38,22.15,0.41,30.0444,31.2357
2025-04-14,3.24,18.13,25.47,0.01,30.0444,31.2357
2025-04-15,2.17,18.43,27.51,0.0,30.0444,31.2357
2025-04-16,4.17,18.6,28.02,0.0,30.0444,31.2357
2025-04-17,4.28,20.89,31.4,0.0,30.0444,31.2357
2025-04-18,4.08,22.18,32.61,0.0,30.0444,31.2357
2025-04-19,3.01,22.72,33.78,0.0,30.0444,31.2357
2025-04-20,3.22,23.45,33.54,0.0,30.0444,31.2357
2025-04-21,1.73,27.21,37.06,0.0,30.0444,31.2357
2025-04-22,2.68,30.76,39.85,0.0,30.0444,31.2357
2025-04-23,3.53,26.84,34.79,0.0,30.0444,31.2357
2025-04-24,2.6,20.41,24.08,0.0,30.0444,31.2357
2025-04-25,2.64,21.47,29.11,0.0,30.0444,31.2357
2025-04-26,2.7,21.87,28.75,0.0,30.0444,31.2357
2025-04-27,3.16,22.29,29.99,0.0,30.0444,31.2357
2025-04-28,3.18,21.63,30.07,0.0,30.0444,31.2357
2025-04-29,3.01,23.14,31.65,0.0,30.0444,31.2357
2025-04-30,5.13,23.2,31.49,0.0,30.0444,31.2357
2025-05-01,2.69,20.88,28.06,0.0,30.0444,31.2357
2025-05-02,3.04,21.0,27.93,0.0,30.0444,31.2357
2025-05-03,2.88,20.28,26.27,0.01,30.0444,31.2357
2025-05-04,2.71,20.1,26.43,0.01,30.0444,31.2357
2025-05-05,1.93,21.98,29.96,0.0,30.0444,31.2357
2025-05-06,1.92,25.5,33.56,0.0,30.0444,31.2357
2025-05-07,3.56,26.63,36.0,0.0,30.0444,31.2357
2025-05-08,3.91,26.38,36.19,0.0,30.0444,31.2357
2025-05-09,3.85,28.16,38.18,0.0,30.0444,31.2357
2025-05-10,3.12,28.88,38.1,0.0,30.0444,31.2357
2025-05-11,3.13,31.67,41.74,0.0,30.0444,31.2357
2025-05-12,3.41,25.62,33.4,0.0,30.0444,31.2357
2025-05-13,4.68,28.29,37.11,0.0,30.0444,31.2357
2025-05-14,3.45,24.23,31.41,0.0,30.0444,31.2357
2025-05-15,2.08,23.65,31.74,0.0,30.0444,31.2357
2025-05-16,3.16,29.17,39.46,0.0,30.0444,31.2357
2025-05-17,3.93,32.46,43.09,0.0,30.0444,31.2357
2025-05-18,5.04,26.93,36.08,0.0,30.0444,31.2357
2025-05-19,4.95,24.35,33.42,0.0,30.0444,31.2357
2025-05-20,4.39,22.93,32.42,0.0,30.0444,31.2357
2025-05-21,3.94,23.47,32.71,0.66,30.0444,31.2357
2025-05-22,3.19,24.22,34.34,6.19,30.0444,31.2357
2025-05-23,2.95,26.18,36.7,0.0,30.0444,31.2357
2025-05-24,2.92,28.7,39.02,0.0,30.0444,31.2357
2025-05-25,2.85,30.33,39.88,0.0,30.0444,31.2357
2025-05-26,4.45,29.23,39.98,0.0,30.0444,31.2357
2025-05-27,4.36,24.1,31.47,1.18,30.0444,31.2357
2025-05-28,3.15,23.84,32.59,0.0,30.0444,31.2357
2025-05-29,2.44,25.42,33.02,0.0,30.0444,31.2357
2025-05-30,1.78,26.44,33.42,0.0,30.0444,31.2357
2025-05-31,3.58,26.08,32.7,0.0,30.0444,31.2357
2025-06-01,3.48,25.73,32.94,0.0,30.0444,31.2357
2025-06-02,3.6,24.85,32.07,0.0,30.0444,31.2357
2025-06-03,3.46,25.08,33.53,0.0,30.0444,31.2357
2025-06-04,3.66,26.62,35.67,0.0,30.0444,31.2357
2025-06-05,3.7,27.24,36.81,0.0,30.0444,31.2357
2025-06-06,3.32,28.19,38.0,0.0,30.0444,31.2357
2025-06-07,3.5,28.35,38.35,0.0,30.0444,31.2357
2025-06-08,3.36,27.89,37.54,0.0,30.0444,31.2357
2025-06-09,2.68,28.56,37.74,0.0,30.0444,31.2357
2025-06-10,3.25,29.4,39.25,0.0,30.0444,31.2357
2025-06-11,2.73,29.06,38.38,0.0,30.0444,31.2357
2025-06-12,3.01,29.42,38.65,0.0,30.0444,31.2357
2025-06-13,3.72,29.56,39.67,0.0,30.0444,31.2357
2025-06-14,4.06,28.65,38.78,0.0,30.0444,31.2357
2025-06-15,3.92,27.19,36.45,0.0,30.0444,31.2357
2025-06-16,4.01,26.46,35.97,0.0,30.0444,31.2357
2025-06-17,3.32,27.88,36.53,0.0,30.0444,31.2357
2025-06-18,3.56,28.57,36.98,0.0,30.0444,31.2357
2025-06-19,2.94,28.28,37.09,0.0,30.0444,31.2357
2025-06-20,3.28,28.67,38.18,0.0,30.0444,31.2357
2025-06-21,3.39,28.91,37.9,0.0,30.0444,31.2357
2025-06-22,4.31,28.27,37.85,0.0,30.0444,31.2357
2025-06-23,3.82,27.55,36.1,0.0,30.0444,31.2357
2025-06-24,3.04,28.37,37.43,0.0,30.0444,31.2357
2025-06-25,3.36,28.64,37.18,0.42,30.0444,31.2357
2025-06-26,2.59,28.09,36.38,0.78,30.0444,31.2357
2025-06-27,2.36,29.1,37.46,0.74,30.0444,31.2357
2025-06-28,2.3,29.55,38.82,1.99,30.0444,31.2357
2025-06-29,3.21,29.53,38.93,0.82,30.0444,31.2357
2025-06-30,3.03,29.92,38.37,0.0,30.0444,31.2357
2025-07-01,3.32,31.27,38.45,0.09,30.0444,31.2357
2025-07-02,3.08,30.01,37.86,0.61,30.0444,31.2357
2025-07-03,2.28,30.81,39.33,0.66,30.0444,31.2357
2025-07-04,3.32,30.51,38.81,0.48,30.0444,31.2357
2025-07-05,3.42,29.81,38.9,0.0,30.0444,31.2357
2025-07-06,3.64,29.76,39.12,0.0,30.0444,31.2357
2025-07-07,3.19,30.07,39.98,0.0,30.0444,31.2357
2025-07-08,2.82,29.75,39.44,0.0,30.0444,31.2357
2025-07-09,2.51,29.31,38.64,0.0,30.0444,31.2357
2025-07-10,2.38,30.62,40.27,0.0,30.0444,31.2357
2025-07-11,2.45,30.24,39.01,0.0,30.0444,31.2357
2025-07-12,3.03,30.06,38.45,0.0,30.0444,31.2357
2025-07-13,3.73,29.38,38.07,0.0,30.0444,31.2357
2025-07-14,3.1,28.64,37.27,0.0,30.0444,31.2357
2025-07-15,2.16,29.19,37.49,0.0,30.0444,31.2357
2025-07-16,2.12,31.36,39.72,0.0,30.0444,31.2357
2025-07-17,2.24,32.55,40.74,0.0,30.0444,31.2357
2025-07-18,3.06,32.4,40.05,0.0,30.0444,31.2357
2025-07-19,3.12,30.66,38.75,0.0,30.0444,31.2357
2025-07-20,2.98,30.01,38.7,0.0,30.0444,31.2357
2025-07-21,2.98,30.74,38.98,0.0,30.0444,31.2357
2025-07-22,1.42,32.28,40.96,0.0,30.0444,31.2357
2025-07-23,2.43,33.45,42.14,0.0,30.0444,31.2357
2025-07-24,2.17,33.08,41.72,0.0,30.0444,31.2357
2025-07-25,2.75,33.12,42.03,0.0,30.0444,31.2357
2025-07-26,2.3,33.2,43.04,0.0,30.0444,31.2357
2025-07-27,2.86,33.87,42.66,0.0,30.0444,31.2357
2025-07-28,2.94,32.88,41.39,0.0,30.0444,31.2357
2025-07-29,3.45,31.41,40.13,0.0,30.0444,31.2357
2025-07-30,3.01,30.0,38.03,0.0,30.0444,31.2357
2025-07-31,3.48,29.49,37.0,0.0,30.0444,31.2357
2025-08-01,3.67,29.31,36.83,0.0,30.0444,31.2357
2025-08-02,2.78,29.7,36.61,0.0,30.0444,31.2357
2025-08-03,2.64,30.26,37.24,0.0,30.0444,31.2357
2025-08-04,2.56,30.02,36.93,0.0,30.0444,31.2357
2025-08-05,2.72,29.66,37.22,0.0,30.0444,31.2357
2025-08-06,3.53,29.63,38.86,0.0,30.0444,31.2357
2025-08-07,3.74,28.73,37.25,0.0,30.0444,31.2357
2025-08-08,2.9,29.91,37.91,0.0,30.0444,31.2357
2025-08-09,2.19,31.41,39.67,0.0,30.0444,31.2357
2025-08-10,1.85,33.12,41.7,0.0,30.0444,31.2357
2025-08-11,1.88,33.57,42.28,0.0,30.0444,31.2357
2025-08-12,3.8,34.12,43.33,0.0,30.0444,31.2357
2025-08-13,3.71,34.41,44.52,0.0,30.0444,31.2357
2025-08-14,3.93,33.69,43.94,0.0,30.0444,31.2357
2025-08-15,4.48,32.52,41.58,0.0,30.0444,31.2357
2025-08-16,4.04,30.23,37.94,0.0,30.0444,31.2357
2025-08-17,3.86,29.48,37.87,0.0,30.0444,31.2357
2025-08-18,3.43,30.7,39.77,0.0,30.0444,31.2357
2025-08-19,2.47,33.45,41.49,0.0,30.0444,31.2357
2025-08-20,3.96,30.87,38.12,0.0,30.0444,31.2357
2025-08-21,3.03,30.53,38.54,0.0,30.0444,31.2357
2025-08-22,2.86,30.73,39.32,0.0,30.0444,31.2357
2025-08-23,2.87,31.08,40.8,0.0,30.0444,31.2357
2025-08-24,3.53,30.59,40.14,0.0,30.0444,31.2357
2025-08-25,3.28,29.3,37.34,0.0,30.0444,31.2357
2025-08-26,3.09,28.56,36.54,0.0,30.0444,31.2357
2025-08-27,3.1,27.93,36.45,0.0,30.0444,31.2357
2025-08-28,2.52,28.32,35.53,0.0,30.0444,31.2357
2025-08-29,2.4,29.35,36.79,0.0,30.0444,31.2357
2025-08-30,2.49,29.33,37.43,0.0,30.0444,31.2357
2025-08-31,3.1,29.35,38.69,0.0,30.0444,31.2357
2025-09-01,2.73,31.43,39.01,0.0,30.0444,31.2357
2025-09-02,3.27,30.27,39.0,0.01,30.0444,31.2357
2025-09-03,2.59,29.14,36.76,0.0,30.0444,31.2357
2025-09-04,2.28,29.78,37.23,0.0,30.0444,31.2357
2025-09-05,2.52,31.06,39.43,0.0,30.0444,31.2357
2025-09-06,2.64,30.33,37.27,0.0,30.0444,31.2357
2025-09-07,2.9,29.27,36.09,0.03,30.0444,31.2357
2025-09-08,2.87,28.59,35.03,0.01,30.0444,31.2357
2025-09-09,2.53,28.05,35.23,0.0,30.0444,31.2357
2025-09-10,2.5,28.26,35.33,0.01,30.0444,31.2357
2025-09-11,3.47,28.51,35.79,0.0,30.0444,31.2357
2025-09-12,2.63,29.26,37.88,0.0,30.0444,31.2357
2025-09-13,1.92,29.59,37.79,0.0,30.0444,31.2357
2025-09-14,3.06,29.89,38.65,0.0,30.0444,31.2357
2025-09-15,2.91,28.74,36.43,0.0,30.0444,31.2357
2025-09-16,2.64,27.68,34.73,0.0,30.0444,31.2357
2025-09-17,1.98,28.33,35.28,0.03,30.0444,31.2357
2025-09-18,2.88,28.97,36.65,0.0,30.0444,31.2357
2025-09-19,3.1,27.83,35.19,0.0,30.0444,31.2357
2025-09-20,3.44,27.59,34.52,0.03,30.0444,31.2357
2025-09-21,3.17,27.01,33.75,0.0,30.0444,31.2357
2025-09-22,2.21,27.01,33.82,0.0,30.0444,31.2357
2025-09-23,2.34,27.65,34.97,0.0,30.0444,31.2357
2025-09-24,2.87,26.59,32.89,0.0,30.0444,31.2357
2025-09-25,2.39,25.71,32.47,0.0,30.0444,31.2357
2025-09-26,2.03,26.73,33.9,0.0,30.0444,31.2357
2025-09-27,2.37,27.04,34.59,0.0,30.0444,31.2357
2025-09-28,2.71,27.26,34.78,0.0,30.0444,31.2357
2025-09-29,3.28,27.58,35.48,0.0,30.0444,31.2357
2025-09-30,2.91,27.94,35.45,0.0,30.0444,31.2357
2025-10-01,,,,,30.0444,31.2357
2025-10-02,,,,,30.0444,31.2357
2025-10-03,,,,,30.0444,31.2357
